{
  "cv_mean": 0.46996916991240933,
  "cv_std": 0.018376422928248988,
  "r2_train": 0.47144775595442434,
  "rmse_train": 31999.598536685455,
  "mae_train": 22796.657624855827,
  "mape_train": 77.74048115180888,
  "r2_test": 0.4541732151986919,
  "rmse_test": 32283.513102471697,
  "mae_test": 23246.539797443736,
  "mape_test": 82.03318515686266,
  "training_samples": 18601,
  "test_samples": 4650,
  "within_1k": 3.4193548387096775,
  "within_2k": 6.602150537634409,
  "within_5k": 15.763440860215052,
  "within_10k": 30.129032258064512,
  "within_20k": 56.64516129032258,
  "model_5b_r2_2015": 0.7998,
  "model_5b_sbc_2015": 159394.3,
  "model_5b_rmse_2015": 30.82,
  "model_5b_outlier_pct_2015": 9.4,
  "r2_delta_from_2015": -0.34562678480130804,
  "sbc": 386145.6870571639,
  "sbc_delta_from_2015": 226751.38705716393
}