{
  "r2_train": 0.24774689320872867,
  "rmse_train": 38279.28896366915,
  "mae_train": 27451.338886569232,
  "mape_train": 85.0603732970664,
  "r2_test": 0.22628986100826798,
  "rmse_test": 38414.72604486367,
  "mae_test": 27681.18967524363,
  "mape_test": 85.35225865865667,
  "within_1k": 2.8841150672712406,
  "within_2k": 5.671597413216383,
  "within_5k": 13.982011447260835,
  "within_10k": 26.64089794097971,
  "within_20k": 47.87779677395376,
  "training_samples": 53812,
  "test_samples": 13453,
  "mean_prediction": 34374.84328354816,
  "std_prediction": 20662.682416924967,
  "mean_actual": 43179.11469858024,
  "std_actual": 43672.554586933875,
  "cv_mean": 0.24720865354977795,
  "cv_std": 0.008128841449149063
}