{
  "weighted_r2": 0.4851584304053038,
  "weighted_rmse": 29389.654757960576,
  "efficiency_ratio": 1.1878433134080755,
  "cv_mean": 0.488330335828507,
  "cv_std": 0.015079927265116635,
  "within_1k": 4.345917471466199,
  "within_2k": 8.062628036289142,
  "within_5k": 17.281240854550774,
  "within_10k": 32.25051214515657,
  "within_20k": 57.960199004975124,
  "r2_train": 0.4902926225444435,
  "r2_test": 0.4746034001264564,
  "rmse_train": 32097.345900425018,
  "rmse_test": 32372.079777232884,
  "rmse_train_sqrt": 32124.3329476481,
  "rmse_test_sqrt": 32397.131489481755,
  "mae_train": 22557.72071378858,
  "mae_test": 22538.488613483143,
  "mape_train": 472.6913534838838,
  "mape_test": 484.5645432345816,
  "training_samples": 27339,
  "test_samples": 6834
}