{
  "weighted_r2": 0.4876948307864206,
  "weighted_rmse": 29029.496990978976,
  "efficiency_ratio": 1.223229483660235,
  "cv_mean": 0.4874439451057294,
  "cv_std": 0.01300015335855522,
  "within_1k": 4.316652033947908,
  "within_2k": 7.213930348258707,
  "within_5k": 17.04711735440445,
  "within_10k": 31.782265144863914,
  "within_20k": 57.82850453614281,
  "r2_train": 0.48843010809701826,
  "r2_test": 0.4716591218502967,
  "rmse_train": 32155.935652828015,
  "rmse_test": 32462.65825968475,
  "rmse_train_sqrt": 32170.841241349055,
  "rmse_test_sqrt": 32478.33157846251,
  "mae_train": 22570.864600551413,
  "mae_test": 22611.719427064367,
  "mape_train": 459.3873327033398,
  "mape_test": 471.3068095601817,
  "training_samples": 27339,
  "test_samples": 6834
}