{
  "weighted_r2": 0.5510706593261252,
  "weighted_rmse": 71.30258654138713,
  "efficiency_ratio": 1.1889090937141875,
  "cv_mean": 0.471007059632511,
  "cv_std": 0.01804684303433568,
  "within_1k": 4.258121158911326,
  "within_2k": 8.413813286508633,
  "within_5k": 19.915130231196958,
  "within_10k": 37.06467661691542,
  "within_20k": 63.813286508633304,
  "r2_train": 0.47310994493595804,
  "r2_test": 0.4562154964142734,
  "rmse_train": 32633.876331942196,
  "rmse_test": 32933.68949937267,
  "rmse_train_sqrt": 78.04384853511431,
  "rmse_test_sqrt": 78.76544402993288,
  "mae_train": 21742.185305633204,
  "mae_test": 21707.504191582502,
  "mape_train": 341.7220725469513,
  "mape_test": 351.3815237128755,
  "training_samples": 27339,
  "test_samples": 6834
}