{
  "r2_train": 0.15796864389648768,
  "r2_test": 0.15857278779522654,
  "rmse_train": 76.37389198239084,
  "rmse_test": 76.53423354955896,
  "mae_train": 63.71647678621911,
  "mae_test": 63.79424086630078,
  "mape_train": 53.83792139064907,
  "mape_test": 53.526940662441305,
  "training_samples": 23790,
  "test_samples": 5947,
  "within_1k": 100.0,
  "within_2k": 100.0,
  "within_5k": 100.0,
  "within_10k": 100.0,
  "within_20k": 100.0,
  "cv_r2_mean": 0.15659518094452404,
  "cv_r2_std": 0.010094937378425244,
  "weighted_r2": 0.17029522086108928,
  "weighted_rmse": 72.03952972038095,
  "efficiency_ratio": 1.0511751642890579,
  "variance_intercept": -5.1662423800474775,
  "variance_log_predicted": 2.5425197226496135,
  "variance_group_home": 0.0,
  "variance_high_support": 0.0,
  "weight_mean": 1.0,
  "weight_std": 0.3245614168072995,
  "weight_min": 0.44320039260790606,
  "weight_max": 7.175222792029604,
  "weight_above_three_pct": 0.16813787305590583,
  "weight_at_min_pct": 0.0
}