{
  "living_FH": {
    "n": 11666,
    "r2": 0.22870331658841803,
    "rmse": 38998.86393583063,
    "bias": -9447.950723195621
  },
  "living_ILSL": {
    "n": 1787,
    "r2": 0.2053650941316063,
    "rmse": 34358.14163965025,
    "bias": -4602.16575804504
  },
  "living_RHOneToFour": {
    "n": 0,
    "r2": 0,
    "rmse": 0,
    "bias": 0
  },
  "age_AgeUnderTwentyOne": {
    "n": 1300,
    "r2": 0.11596646557344714,
    "rmse": 37984.64779165158,
    "bias": -11928.503962219169
  },
  "age_AgeTwentyOneToThirty": {
    "n": 3770,
    "r2": 0.17454472988968117,
    "rmse": 43475.73038340942,
    "bias": -9457.115947087255
  },
  "age_AgeThirtyOnePlus": {
    "n": 8383,
    "r2": 0.24846541608785078,
    "rmse": 35977.78777199728,
    "bias": -8026.181686153254
  },
  "cost_QOneLow": {
    "n": 3365,
    "r2": -10.0,
    "rmse": 29521.173006618577,
    "bias": 23990.411152232748
  },
  "cost_QTwo": {
    "n": 3362,
    "r2": -5.090022578916692,
    "rmse": 17709.991762424685,
    "bias": 9287.822026528891
  },
  "cost_QThree": {
    "n": 3363,
    "r2": -3.4194945389009677,
    "rmse": 24201.96608886554,
    "bias": -16205.080132469617
  },
  "cost_QFourHigh": {
    "n": 3363,
    "r2": -2.4117942369055516,
    "rmse": 64279.85578707029,
    "bias": -52304.36218893386
  }
}