{
  "r2_train": -0.6351008531223084,
  "r2_test": 0.49384283267796547,
  "rmse_test": 31773.837383151473,
  "mae_test": 21908.74560555069,
  "mape_test": 450.9634539452457
}