{
  "within_1k": 2.970441908106526,
  "within_2k": 7.111501316944688,
  "within_5k": 17.968978636230613,
  "within_10k": 33.59672227099795,
  "within_20k": 60.55019022534387,
  "cv_mean": 0,
  "cv_std": 0,
  "r2_train": -0.6351008531223084,
  "r2_test": 0.49384283267796547,
  "rmse_train": 50992.22198385647,
  "rmse_test": 31773.837383151473,
  "rmse_train_sqrt": 50992.22198385647,
  "rmse_test_sqrt": 31773.837383151473,
  "mae_train": 40058.18956000239,
  "mae_test": 21908.74560555069,
  "mape_train": 917.2717133273886,
  "mape_test": 450.9634539451615,
  "training_samples": 24921,
  "test_samples": 6834
}