{
  "mean_weights": [
    0.37023498959356094,
    0.22825467657134638,
    2.0661946891047315e-09,
    2.0208887438348588e-09,
    0.4015103297480092
  ],
  "std_weights": [
    0.006388511784864472,
    0.007713848403256608,
    5.476411458115236e-09,
    5.391859816421184e-09,
    0.005763253309038222
  ],
  "cv_weights": [
    0.017255289107472437,
    0.03379491941084489,
    2.5281252353077215,
    2.5422643371061318,
    0.014353935330181637
  ]
}