{
  "mean_weights": [
    0.19999999999999998,
    0.19999999999999998,
    0.19999999999999998,
    0.19999999999999998,
    0.19999999999999998
  ],
  "std_weights": [
    2.7755575615628914e-17,
    2.7755575615628914e-17,
    2.7755575615628914e-17,
    2.7755575615628914e-17,
    2.7755575615628914e-17
  ],
  "cv_weights": [
    1.3877787800875562e-16,
    1.3877787800875562e-16,
    1.3877787800875562e-16,
    1.3877787800875562e-16,
    1.3877787800875562e-16
  ]
}