{
  "r2_train": 0.14386140888980825,
  "r2_test": 0.1592883556630027,
  "rmse_train": 30073.81537174264,
  "rmse_test": 30460.731530464265,
  "mae_train": 22012.123923308005,
  "mae_test": 21996.498563426274,
  "mape_train": 191.494880445754,
  "mape_test": 188.7654675493858,
  "within_5k": 13.04640215198386,
  "within_10k": 27.168796234028246,
  "within_20k": 57.817753866846,
  "training_samples": 23789,
  "test_samples": 5948,
  "dispersion": 0.8670931387133438,
  "deviance": 21128.8701434004,
  "null_deviance": 25399.388836711783,
  "deviance_r2": 0.16813470279800036,
  "mcfadden_r2": 0.009382999920606871,
  "aic": 535700.4120008025,
  "bic": -218290.0636524112,
  "num_parameters": 57,
  "cv_r2_mean": 0.14409819469350302,
  "cv_r2_std": 0.011662764589589635,
  "cv_rmse_mean": 30195.136682976656,
  "cv_rmse_std": 784.8326726436619
}