{
  "const": {
    "value": 8.684181059769992,
    "std_error": 0.039996571567018774,
    "z_value": 217.12313629728652,
    "p_value": 0.0,
    "conf_int_lower": 8.605789219993557,
    "conf_int_upper": 8.762572899546427,
    "exp_value": 5908.699643853146
  },
  "Live_ILSL": {
    "value": 0.5903723673513332,
    "std_error": 0.15036938109624456,
    "z_value": 3.926147484596368,
    "p_value": 8.631724149771596e-05,
    "conf_int_lower": 0.2956537960251159,
    "conf_int_upper": 0.8850909386775506,
    "exp_value": 1.8046602868696713
  },
  "Age_Age21_30": {
    "value": 0.697217760672341,
    "std_error": 0.02562058164656683,
    "z_value": 27.213190172275752,
    "p_value": 4.534303712446381e-163,
    "conf_int_lower": 0.647002343382102,
    "conf_int_upper": 0.7474331779625799,
    "exp_value": 2.0081577523527994
  },
  "Age_Age31Plus": {
    "value": 0.7870141445729849,
    "std_error": 0.025264325270303364,
    "z_value": 31.151203768662324,
    "p_value": 4.8851724357141796e-213,
    "conf_int_lower": 0.7374969769494851,
    "conf_int_upper": 0.8365313121964847,
    "exp_value": 2.19682721531636
  },
  "Q33": {
    "value": 0.04941654678844789,
    "std_error": 0.010324830189748576,
    "z_value": 4.786184942539113,
    "p_value": 1.699814334076706e-06,
    "conf_int_lower": 0.029180251470048827,
    "conf_int_upper": 0.06965284210684695,
    "exp_value": 1.0506579077794544
  },
  "Q34": {
    "value": 0.03863395042556421,
    "std_error": 0.010865775470905375,
    "z_value": 3.555563109969646,
    "p_value": 0.00037717039144369286,
    "conf_int_lower": 0.017337421838490928,
    "conf_int_upper": 0.05993047901263749,
    "exp_value": 1.0393899457592224
  },
  "Q35": {
    "value": -0.04953480940947509,
    "std_error": 0.008259857178529593,
    "z_value": -5.997053985174742,
    "p_value": 2.009292787630017e-09,
    "conf_int_lower": -0.06572383199683772,
    "conf_int_upper": -0.033345786822112464,
    "exp_value": 0.9516720304184946
  },
  "ILSL_Age21_30": {
    "value": -0.5441479391517757,
    "std_error": 0.1477531430725227,
    "z_value": -3.682818029019442,
    "p_value": 0.0002306698226426933,
    "conf_int_lower": -0.833738778176514,
    "conf_int_upper": -0.2545571001270374,
    "exp_value": 0.5803360543661861
  },
  "ILSL_Age31Plus": {
    "value": -0.6391087240010367,
    "std_error": 0.14468176558294205,
    "z_value": -4.417341200019109,
    "p_value": 9.992243156178288e-06,
    "conf_int_lower": -0.9226797737632698,
    "conf_int_upper": -0.35553767423880356,
    "exp_value": 0.5277625966206758
  }
}