{
  "r2_train": 0.25169718953065745,
  "rmse_train": 38890.84244762409,
  "mae_train": 29712.630775475198,
  "mape_train": 88.84115662707018,
  "r2_test": 0.23298998636969226,
  "rmse_test": 39113.572971964306,
  "mae_test": 29889.443368270757,
  "mape_test": 87.73083110449397,
  "within_1k": 1.9900497512437811,
  "within_2k": 3.702077846063798,
  "within_5k": 9.93561603745976,
  "within_10k": 20.7345624817091,
  "within_20k": 42.31782265144864,
  "training_samples": 27339,
  "test_samples": 6834,
  "mean_prediction": 44270.551155869965,
  "std_prediction": 21798.1022054192,
  "mean_actual": 44216.18207345624,
  "std_actual": 44660.84882650188
}