{
  "r2_train": -0.24095476378084157,
  "rmse_train": 49165.43006635933,
  "mae_train": 34809.37683388928,
  "mape_train": 92.07071792346912,
  "r2_test": -0.24839062309287474,
  "rmse_test": 48795.95760354631,
  "mae_test": 34710.86773986864,
  "mape_test": 92.26011466811758,
  "within_1k": 2.505017468222701,
  "within_2k": 5.2404668103768675,
  "within_5k": 13.238682821675463,
  "within_10k": 28.588418940013383,
  "within_20k": 45.53631160335985,
  "training_samples": 53812,
  "test_samples": 13453,
  "mean_prediction": 16861.20298139317,
  "std_prediction": 8937.319013255252,
  "mean_actual": 43179.11469858024,
  "std_actual": 43672.554586933875
}