{
  "living_FH": {
    "n": 11666,
    "r2": -0.21047563735840646,
    "rmse": 48856.15113658533,
    "bias": -25700.620612513314
  },
  "living_ILSL": {
    "n": 1787,
    "r2": -0.5769569272440576,
    "rmse": 48401.15909942811,
    "bias": -30347.74833001531
  },
  "living_RHOneToFour": {
    "n": 0,
    "r2": 0,
    "rmse": 0,
    "bias": 0
  },
  "age_AgeUnderTwentyOne": {
    "n": 1300,
    "r2": 0.09585323232476717,
    "rmse": 38414.324528697856,
    "bias": -5184.738509522049
  },
  "age_AgeTwentyOneToThirty": {
    "n": 3770,
    "r2": -0.1255094898665765,
    "rmse": 50766.204519662715,
    "bias": -23979.068539599328
  },
  "age_AgeThirtyOnePlus": {
    "n": 8383,
    "r2": -0.4127436688249482,
    "rmse": 49327.78962077742,
    "bias": -30646.97815515323
  },
  "cost_QOneLow": {
    "n": 3365,
    "r2": -10.0,
    "rmse": 16294.527212313262,
    "bias": 14015.827294519548
  },
  "cost_QTwo": {
    "n": 3362,
    "r2": -0.9339604184072936,
    "rmse": 9980.049571059435,
    "bias": -2234.8966852245917
  },
  "cost_QThree": {
    "n": 3363,
    "r2": -10.0,
    "rmse": 38450.39908087889,
    "bias": -36186.63935022122
  },
  "cost_QFourHigh": {
    "n": 3363,
    "r2": -5.342536720795751,
    "rmse": 87642.54358079254,
    "bias": -80882.76371895835
  }
}