{
  "living_FH": {
    "n": 11666,
    "r2": 0.20893931290519052,
    "rmse": 99.49041050110459,
    "bias": -1.0786221043316742
  },
  "living_ILSL": {
    "n": 1787,
    "r2": 0.22652841676628754,
    "rmse": 81.10211764006674,
    "bias": -0.030217947896548136
  },
  "living_RHOneToFour": {
    "n": 0,
    "r2": 0,
    "rmse": 0,
    "bias": 0
  },
  "age_AgeUnderTwentyOne": {
    "n": 1300,
    "r2": -0.18225008170428758,
    "rmse": 121.07277912250012,
    "bias": 71.17908821946688
  },
  "age_AgeTwentyOneToThirty": {
    "n": 3770,
    "r2": 0.20724471527879273,
    "rmse": 103.32046557973933,
    "bias": 9.122163329983023
  },
  "age_AgeThirtyOnePlus": {
    "n": 8383,
    "r2": 0.2313266579621741,
    "rmse": 90.01619730156565,
    "bias": -16.64804668750655
  },
  "cost_QOneLow": {
    "n": 3365,
    "r2": -10.0,
    "rmse": 128.5195300956057,
    "bias": 119.08595655308729
  },
  "cost_QTwo": {
    "n": 3362,
    "r2": -2.7109897202769657,
    "rmse": 56.41631789379984,
    "bias": 29.435613461659155
  },
  "cost_QThree": {
    "n": 3363,
    "r2": -5.966484191765377,
    "rmse": 68.16186576553143,
    "bias": -50.64371572339461
  },
  "cost_QFourHigh": {
    "n": 3363,
    "r2": -4.611992253351101,
    "rmse": 116.08942025420997,
    "bias": -101.69764056600806
  }
}