{
  "living_FH": {
    "n": 5941,
    "r2": 0.22605444523367524,
    "rmse": 39828.899717724824,
    "bias": -23.456655111607176
  },
  "living_ILSL": {
    "n": 893,
    "r2": 0.2897777134963587,
    "rmse": 33973.32904162703,
    "bias": 572.1324717058745
  },
  "living_RHOneToFour": {
    "n": 0,
    "r2": 0,
    "rmse": 0,
    "bias": 0
  },
  "age_AgeUnderTwentyOne": {
    "n": 694,
    "r2": -0.3834109979893974,
    "rmse": 43884.67343145113,
    "bias": 29345.251541643862
  },
  "age_AgeTwentyOneToThirty": {
    "n": 1797,
    "r2": 0.25111355440847993,
    "rmse": 42282.07028276062,
    "bias": 2325.568606540897
  },
  "age_AgeThirtyOnePlus": {
    "n": 4343,
    "r2": 0.2586936261426146,
    "rmse": 36876.56543606609,
    "bias": -5565.989649237749
  },
  "cost_QOneLow": {
    "n": 1709,
    "r2": -10.0,
    "rmse": 42114.615834147684,
    "bias": 37499.95316521639
  },
  "cost_QTwo": {
    "n": 1708,
    "r2": -9.461640479105107,
    "rmse": 24960.685259320795,
    "bias": 17059.51697173535
  },
  "cost_QThree": {
    "n": 1708,
    "r2": -2.545501355945871,
    "rmse": 21977.03948609503,
    "bias": -9928.686285434344
  },
  "cost_QFourHigh": {
    "n": 1709,
    "r2": -1.5234501193598038,
    "rmse": 56909.3685549927,
    "bias": -44409.198632148415
  }
}