{
  "r2_train": 0.2524242253476088,
  "rmse_train": 38160.097610167664,
  "mae_train": 27198.63730055647,
  "mape_train": 84.69441062746145,
  "r2_test": 0.22462183166973526,
  "rmse_test": 38456.11259806894,
  "mae_test": 27562.45823498406,
  "mape_test": 85.32556455551568,
  "within_1k": 3.738942986694418,
  "within_2k": 6.979855794246637,
  "within_5k": 15.149037389429868,
  "within_10k": 27.480859287891175,
  "within_20k": 49.10428900616963,
  "training_samples": 53812,
  "test_samples": 13453,
  "mean_prediction": 37399.8678195575,
  "std_prediction": 25264.46106281558,
  "mean_actual": 43179.11469858024,
  "std_actual": 43672.55458693387,
  "cv_mean": 0.25157219437289374,
  "cv_std": 0.014741243505819346,
  "cv_min": 0.2200311252369609,
  "cv_max": 0.27451592244034506,
  "n_cv_folds": 10,
  "num_features": 23,
  "prediction_interval_width": 86335.81255526596,
  "quantile_spread": 1.0956837052211559,
  "quantile_monotonicity": 98.77350776778414,
  "quantile_10_pseudo_r2": 0.7029476055285159,
  "quantile_25_pseudo_r2": 0.36957052491993847,
  "quantile_50_pseudo_r2": 0.2172837621065905,
  "quantile_75_pseudo_r2": 0.40924672603622814,
  "quantile_90_pseudo_r2": 0.6855816638513318,
  "regulatory_compliant": "No",
  "regulatory_warning": "Produces distributions, not single allocations. Violates F.S. 393.0662.",
  "deployment_status": "Research Only"
}