{
  "quantile_metrics": {
    "0.1": {
      "check_loss": 9.885265329738873,
      "mean_prediction": 4893.536403398365,
      "std_prediction": 1547.805375630968
    },
    "0.25": {
      "check_loss": 21.44930980041799,
      "mean_prediction": 8736.463007158502,
      "std_prediction": 3408.8370741705894
    },
    "0.5": {
      "check_loss": 31.052710335804143,
      "mean_prediction": 25296.82978820893,
      "std_prediction": 13329.59699451985
    },
    "0.75": {
      "check_loss": 24.67455732023089,
      "mean_prediction": 46762.75543886738,
      "std_prediction": 20251.11360757097
    },
    "0.9": {
      "check_loss": 13.728119205034503,
      "mean_prediction": 67869.47081504215,
      "std_prediction": 26875.88976739501
    }
  },
  "quantile_coefficients": {
    "0.1": {
      "intercept": 27.815746057906697,
      "coefficients": [
        -0.6685928255955016,
        0.0,
        0.0,
        0.0,
        0.0,
        21.372735745240647,
        24.372449290833213,
        1.2048826767918683,
        2.5456174954391537,
        0.9519803329796687,
        0.19113355690563028,
        2.045049197070169,
        2.4630895237485575,
        1.7685158796238731,
        0.8732446414139415,
        1.5699899145056027,
        0.3444414987117548,
        0.720954483573511,
        -0.20088482554998335,
        1.54087533088934,
        -1.0658996766853264,
        1.1242028710219638
      ]
    },
    "0.25": {
      "intercept": 31.895397251592904,
      "coefficients": [
        -4.817752668889082,
        0.0,
        0.0,
        0.0,
        0.0,
        28.210117021133307,
        32.53886349978546,
        1.6843943324089121,
        4.159705148119067,
        1.6440471090979223,
        -0.07495613497019527,
        2.87153834698276,
        3.9725004393244583,
        3.939180748632867,
        1.491160159466066,
        2.6838482514499757,
        0.5612618146541215,
        1.1943266757016473,
        -0.3265621604998537,
        4.17899405174607,
        0.6500870135959342,
        2.338815200289037
      ]
    },
    "0.5": {
      "intercept": 6.821877366835089,
      "coefficients": [
        -5.398233073843971,
        0.0,
        0.0,
        0.0,
        0.0,
        56.16102858290314,
        72.9418617073667,
        4.108469807729586,
        9.471787031272713,
        8.21075527263488,
        2.2400256384494535,
        7.659961536686375,
        7.974689440862714,
        6.93561931751244,
        0.6141391629259036,
        7.630554443078832,
        0.5382986626044275,
        2.627824997823681,
        -1.2214174133095133,
        10.813710246931649,
        2.3878428468595096,
        6.462102599669471
      ]
    },
    "0.75": {
      "intercept": 14.836406543658251,
      "coefficients": [
        0.9229992477829256,
        0.0,
        0.0,
        0.0,
        0.0,
        88.80585335201026,
        95.32587852228491,
        2.629051140079447,
        9.646530595652564,
        7.927836766437817,
        1.729020576427867,
        14.48033494745064,
        6.533649990618286,
        6.083961814511448,
        2.4064848488932,
        7.82402919235868,
        2.257156127455797,
        3.1011196476778755,
        -0.765443855428005,
        6.8794115587400295,
        2.385987465567439,
        10.093434033453804
      ]
    },
    "0.9": {
      "intercept": 85.9452755369757,
      "coefficients": [
        7.583847662289184,
        0.0,
        0.0,
        0.0,
        0.0,
        63.944845601569604,
        62.550916839840895,
        3.864647311506861,
        11.608512376627075,
        6.350518534689069,
        -1.1059556969726734,
        13.229710877705315,
        8.662239488582019,
        4.827603743071774,
        9.340790540547303,
        6.176617474284684,
        4.773962112280489,
        4.012340051693581,
        -0.5353429875906679,
        4.374541850767995,
        8.348873744119317,
        15.381693438118447
      ]
    }
  },
  "regulatory_compliant": false,
  "compliance_warning": "FATAL FLAW: Produces distribution, not single allocation. Violates F.S. 393.0662 and F.A.C. 65G-4.0214"
}