{
  "living_FH": {
    "n": 11666,
    "r2": 0.22763117878530248,
    "rmse": 39025.959628764955,
    "bias": -6165.393859473087
  },
  "living_ILSL": {
    "n": 1787,
    "r2": 0.19853340730692404,
    "rmse": 34505.518581343924,
    "bias": -3258.3791264017336
  },
  "living_RHOneToFour": {
    "n": 0,
    "r2": 0,
    "rmse": 0,
    "bias": 0
  },
  "age_AgeUnderTwentyOne": {
    "n": 1300,
    "r2": 0.0168270143827548,
    "rmse": 40057.94837668632,
    "bias": -14381.77764502687
  },
  "age_AgeTwentyOneToThirty": {
    "n": 3770,
    "r2": 0.17572785618134878,
    "rmse": 43444.56229591112,
    "bias": -7297.69603635535
  },
  "age_AgeThirtyOnePlus": {
    "n": 8383,
    "r2": 0.25936234929941127,
    "rmse": 35716.0040251396,
    "bias": -3762.3265260525272
  },
  "cost_QOneLow": {
    "n": 3365,
    "r2": -10.0,
    "rmse": 33108.89359870709,
    "bias": 25518.887797266678
  },
  "cost_QTwo": {
    "n": 3362,
    "r2": -7.117762212089444,
    "rmse": 20446.881056942366,
    "bias": 10410.821777869523
  },
  "cost_QThree": {
    "n": 3363,
    "r2": -3.6619584568778807,
    "rmse": 24856.990530795236,
    "bias": -12990.646868680935
  },
  "cost_QFourHigh": {
    "n": 3363,
    "r2": -2.1239141594829154,
    "rmse": 61508.20085923714,
    "bias": -46069.84927122172
  }
}