{
  "const": {
    "coefficient": 3.3503990324401296,
    "p_value": 0.0,
    "multiplicative_effect": 2751.4109428626166
  },
  "living_ILSL": {
    "coefficient": 0.2591702698107371,
    "p_value": 7.030792228449083e-150,
    "multiplicative_effect": 29.58544309332305
  },
  "living_RH1": {
    "coefficient": 2.771871166579688e-15,
    "p_value": 0.0,
    "multiplicative_effect": 2.6645352591003757e-13
  },
  "living_RH2": {
    "coefficient": -2.8529903459432924e-15,
    "p_value": 0.0,
    "multiplicative_effect": -2.886579864025407e-13
  },
  "living_RH3": {
    "coefficient": 1.3513652492621478e-15,
    "p_value": 0.0,
    "multiplicative_effect": 1.3322676295501878e-13
  },
  "living_RH4": {
    "coefficient": 5.536641236682922e-16,
    "p_value": 1.2681576873553122e-205,
    "multiplicative_effect": 4.440892098500626e-14
  },
  "age_21_30": {
    "coefficient": 0.72307490146173,
    "p_value": 0.0,
    "multiplicative_effect": 106.07601126413427
  },
  "age_31_plus": {
    "coefficient": 0.913131784519044,
    "p_value": 0.0,
    "multiplicative_effect": 149.2115092173507
  },
  "q16": {
    "coefficient": 0.002891168064483176,
    "p_value": 0.47456977291841174,
    "multiplicative_effect": 0.2895351521592815
  },
  "q18": {
    "coefficient": 0.07496368549516606,
    "p_value": 1.4108142886670956e-59,
    "multiplicative_effect": 7.784500876614153
  },
  "q20": {
    "coefficient": 0.08896206965644943,
    "p_value": 2.5371304860346e-62,
    "multiplicative_effect": 9.303919618781098
  },
  "q21": {
    "coefficient": 0.0538374423411714,
    "p_value": 2.7599183522479755e-24,
    "multiplicative_effect": 5.531303899405482
  },
  "q23": {
    "coefficient": 0.10518506447011793,
    "p_value": 2.9386882878876714e-82,
    "multiplicative_effect": 11.091618244772338
  },
  "q28": {
    "coefficient": 0.07080595339648861,
    "p_value": 1.121002057505494e-97,
    "multiplicative_effect": 7.33729212889358
  },
  "q33": {
    "coefficient": 0.05644832538267566,
    "p_value": 2.4670087416037965e-24,
    "multiplicative_effect": 5.807193792504095
  },
  "q34": {
    "coefficient": -0.015557252208712256,
    "p_value": 0.005633251671639783,
    "multiplicative_effect": -1.5436863276100055
  },
  "q36": {
    "coefficient": 0.09595955049894465,
    "p_value": 1.6620401621080305e-231,
    "multiplicative_effect": 10.071453973955613
  },
  "q43": {
    "coefficient": 0.0029680005631117705,
    "p_value": 0.2692134068309533,
    "multiplicative_effect": 0.2972409437551393
  },
  "bsum": {
    "coefficient": 0.01521391824707479,
    "p_value": 1.5122353296957759e-81,
    "multiplicative_effect": 1.533023905104347
  },
  "fsum": {
    "coefficient": -0.01839594100286164,
    "p_value": 7.269610479002746e-41,
    "multiplicative_effect": -1.8227768489644691
  },
  "diag_intellectual": {
    "coefficient": 0.13555381726266622,
    "p_value": 3.6501622931228894e-15,
    "multiplicative_effect": 14.517082413512771
  },
  "diag_autism": {
    "coefficient": -0.046857339207858326,
    "p_value": 0.012575837466936475,
    "multiplicative_effect": -4.577648183641269
  },
  "diag_cerebral": {
    "coefficient": 0.04806231622656544,
    "p_value": 0.013892467345565528,
    "multiplicative_effect": 4.923603771790441
  }
}