{
  "const": {
    "coefficient": 3.3432961848366904,
    "p_value": 0.0,
    "multiplicative_effect": 2731.229562960182
  },
  "living_ILSL": {
    "coefficient": 0.25965062878187833,
    "p_value": 2.7041809869391583e-77,
    "multiplicative_effect": 29.647705576416183
  },
  "living_RH1": {
    "coefficient": -1.9569673613054303e-15,
    "p_value": 0.0,
    "multiplicative_effect": -1.9984014443252818e-13
  },
  "living_RH2": {
    "coefficient": -2.5648536313600676e-15,
    "p_value": 0.0,
    "multiplicative_effect": -2.55351295663786e-13
  },
  "living_RH3": {
    "coefficient": 5.68984886676891e-16,
    "p_value": 2.330744503678201e-92,
    "multiplicative_effect": 6.661338147750939e-14
  },
  "living_RH4": {
    "coefficient": 7.20014483452044e-16,
    "p_value": 0.0,
    "multiplicative_effect": 6.661338147750939e-14
  },
  "age_21_30": {
    "coefficient": 0.7184114657063204,
    "p_value": 0.0,
    "multiplicative_effect": 105.11722637833985
  },
  "age_31_plus": {
    "coefficient": 0.9004794943370629,
    "p_value": 0.0,
    "multiplicative_effect": 146.0782759714972
  },
  "q16": {
    "coefficient": -0.003181007336849665,
    "p_value": 0.5731554380748365,
    "multiplicative_effect": -0.31759532934144685
  },
  "q18": {
    "coefficient": 0.07073726616429006,
    "p_value": 4.292494021399713e-28,
    "multiplicative_effect": 7.329919680584984
  },
  "q20": {
    "coefficient": 0.08385187075310684,
    "p_value": 2.681840696239868e-29,
    "multiplicative_effect": 8.746779609182331
  },
  "q21": {
    "coefficient": 0.04922386997949279,
    "p_value": 2.684653872970235e-11,
    "multiplicative_effect": 5.045548986772497
  },
  "q23": {
    "coefficient": 0.10453611938628742,
    "p_value": 1.068197098704396e-42,
    "multiplicative_effect": 11.019549272189554
  },
  "q28": {
    "coefficient": 0.06859890672477008,
    "p_value": 8.367085319145156e-48,
    "multiplicative_effect": 7.1006549462584445
  },
  "q33": {
    "coefficient": 0.04060955519710531,
    "p_value": 1.6878623174678824e-07,
    "multiplicative_effect": 4.144539920883883
  },
  "q34": {
    "coefficient": -0.008484586353112902,
    "p_value": 0.27877107481895474,
    "multiplicative_effect": -0.8448693833115639
  },
  "q36": {
    "coefficient": 0.09568269210078914,
    "p_value": 7.105337757093722e-119,
    "multiplicative_effect": 10.04098398565645
  },
  "q43": {
    "coefficient": 0.0028255285531468078,
    "p_value": 0.45420059498681975,
    "multiplicative_effect": 0.2829524121260141
  },
  "bsum": {
    "coefficient": 0.01565169017057024,
    "p_value": 4.8894475399060884e-45,
    "multiplicative_effect": 1.5774819428079123
  },
  "fsum": {
    "coefficient": -0.0164130543449741,
    "p_value": 1.305870483017848e-17,
    "multiplicative_effect": -1.627909406893313
  },
  "diag_intellectual": {
    "coefficient": 0.17137836187061,
    "p_value": 6.175587797434982e-13,
    "multiplicative_effect": 18.69397568193316
  },
  "diag_autism": {
    "coefficient": -0.011881178454047039,
    "p_value": 0.6472707175996009,
    "multiplicative_effect": -1.1810875954283762
  },
  "diag_cerebral": {
    "coefficient": 0.09735529929863011,
    "p_value": 0.00031611956215932285,
    "multiplicative_effect": 10.225193339528381
  }
}