{
  "const": {
    "estimate": 3.3503990324401296,
    "std_error": 0.022600058970186892,
    "t_value": 148.24735797635944,
    "p_value": 0.0,
    "conf_lower": 3.3061027341254663,
    "conf_upper": 3.394695330754793,
    "multiplicative_effect": 2751.4109428626166
  },
  "living_ILSL": {
    "estimate": 0.2591702698107371,
    "std_error": 0.009908031856053974,
    "t_value": 26.157593513628008,
    "p_value": 7.030792228449083e-150,
    "conf_lower": 0.23975044726133932,
    "conf_upper": 0.2785900923601349,
    "multiplicative_effect": 29.58544309332305
  },
  "living_RH1": {
    "estimate": 2.771871166579688e-15,
    "std_error": 1.4683574671817682e-17,
    "t_value": 188.77359420521526,
    "p_value": 0.0,
    "conf_lower": 2.7430912414986743e-15,
    "conf_upper": 2.8006510916607018e-15,
    "multiplicative_effect": 2.6645352591003757e-13
  },
  "living_RH2": {
    "estimate": -2.8529903459432924e-15,
    "std_error": 1.853696281479689e-17,
    "t_value": -153.90818735774397,
    "p_value": 0.0,
    "conf_lower": -2.8893229429411697e-15,
    "conf_upper": -2.816657748945415e-15,
    "multiplicative_effect": -2.886579864025407e-13
  },
  "living_RH3": {
    "estimate": 1.3513652492621478e-15,
    "std_error": 2.3294258377508283e-17,
    "t_value": 58.01280415808195,
    "p_value": 0.0,
    "conf_lower": 1.3057083144961752e-15,
    "conf_upper": 1.3970221840281204e-15,
    "multiplicative_effect": 1.3322676295501878e-13
  },
  "living_RH4": {
    "estimate": 5.536641236682922e-16,
    "std_error": 1.8015522083924868e-17,
    "t_value": 30.73261607901572,
    "p_value": 1.2681576873553122e-205,
    "conf_lower": 5.183535547190403e-16,
    "conf_upper": 5.889746926175441e-16,
    "multiplicative_effect": 4.440892098500626e-14
  },
  "age_21_30": {
    "estimate": 0.72307490146173,
    "std_error": 0.011837946089625857,
    "t_value": 61.0811111984531,
    "p_value": 0.0,
    "conf_lower": 0.6998724314101825,
    "conf_upper": 0.7462773715132776,
    "multiplicative_effect": 106.07601126413427
  },
  "age_31_plus": {
    "estimate": 0.913131784519044,
    "std_error": 0.012088786835891402,
    "t_value": 75.53543601314661,
    "p_value": 0.0,
    "conf_lower": 0.8894376645766395,
    "conf_upper": 0.9368259044614484,
    "multiplicative_effect": 149.2115092173507
  },
  "q16": {
    "estimate": 0.002891168064483176,
    "std_error": 0.0040432039078732735,
    "t_value": 0.7150685768910259,
    "p_value": 0.47456977291841174,
    "conf_lower": -0.005033544286330943,
    "conf_upper": 0.010815880415297296,
    "multiplicative_effect": 0.2895351521592815
  },
  "q18": {
    "estimate": 0.07496368549516606,
    "std_error": 0.004599482369829907,
    "t_value": 16.298287387051836,
    "p_value": 1.4108142886670956e-59,
    "conf_lower": 0.06594866286111956,
    "conf_upper": 0.08397870812921257,
    "multiplicative_effect": 7.784500876614153
  },
  "q20": {
    "estimate": 0.08896206965644943,
    "std_error": 0.00533277468098142,
    "t_value": 16.682135469499574,
    "p_value": 2.5371304860346e-62,
    "conf_lower": 0.07850978816350057,
    "conf_upper": 0.09941435114939828,
    "multiplicative_effect": 9.303919618781098
  },
  "q21": {
    "estimate": 0.0538374423411714,
    "std_error": 0.005292312380522168,
    "t_value": 10.172763523807623,
    "p_value": 2.7599183522479755e-24,
    "conf_lower": 0.04346446728428119,
    "conf_upper": 0.06421041739806162,
    "multiplicative_effect": 5.531303899405482
  },
  "q23": {
    "estimate": 0.10518506447011793,
    "std_error": 0.005465559551294732,
    "t_value": 19.24506786230162,
    "p_value": 2.9386882878876714e-82,
    "conf_lower": 0.09447252355772104,
    "conf_upper": 0.11589760538251481,
    "multiplicative_effect": 11.091618244772338
  },
  "q28": {
    "estimate": 0.07080595339648861,
    "std_error": 0.003368893240787081,
    "t_value": 21.017571153411225,
    "p_value": 1.121002057505494e-97,
    "conf_lower": 0.06420289540531189,
    "conf_upper": 0.07740901138766533,
    "multiplicative_effect": 7.33729212889358
  },
  "q33": {
    "estimate": 0.05644832538267566,
    "std_error": 0.00554300525925493,
    "t_value": 10.183704099581394,
    "p_value": 2.4670087416037965e-24,
    "conf_lower": 0.04558399025648841,
    "conf_upper": 0.06731266050886292,
    "multiplicative_effect": 5.807193792504095
  },
  "q34": {
    "estimate": -0.015557252208712256,
    "std_error": 0.00561935912651115,
    "t_value": -2.7685100486487637,
    "p_value": 0.005633251671639783,
    "conf_lower": -0.02657124153208197,
    "conf_upper": -0.00454326288534254,
    "multiplicative_effect": -1.5436863276100055
  },
  "q36": {
    "estimate": 0.09595955049894465,
    "std_error": 0.0029393522243941618,
    "t_value": 32.64649595327867,
    "p_value": 1.6620401621080305e-231,
    "conf_lower": 0.09019839637295803,
    "conf_upper": 0.10172070462493128,
    "multiplicative_effect": 10.071453973955613
  },
  "q43": {
    "estimate": 0.0029680005631117705,
    "std_error": 0.0026862475514539473,
    "t_value": 1.1048872102294975,
    "p_value": 0.2692134068309533,
    "conf_lower": -0.002297066357430617,
    "conf_upper": 0.008233067483654159,
    "multiplicative_effect": 0.2972409437551393
  },
  "bsum": {
    "estimate": 0.01521391824707479,
    "std_error": 0.0007940706786998473,
    "t_value": 19.15940061152357,
    "p_value": 1.5122353296957759e-81,
    "conf_lower": 0.013657533296353361,
    "conf_upper": 0.016770303197796217,
    "multiplicative_effect": 1.533023905104347
  },
  "fsum": {
    "estimate": -0.01839594100286164,
    "std_error": 0.0013730838748260423,
    "t_value": -13.397536261353476,
    "p_value": 7.269610479002746e-41,
    "conf_lower": -0.021087196499609814,
    "conf_upper": -0.015704685506113467,
    "multiplicative_effect": -1.8227768489644691
  },
  "diag_intellectual": {
    "estimate": 0.13555381726266622,
    "std_error": 0.017226984088143795,
    "t_value": 7.868691151573016,
    "p_value": 3.6501622931228894e-15,
    "conf_lower": 0.10178878916088037,
    "conf_upper": 0.16931884536445208,
    "multiplicative_effect": 14.517082413512771
  },
  "diag_autism": {
    "estimate": -0.046857339207858326,
    "std_error": 0.018775649304775897,
    "t_value": -2.4956441424339655,
    "p_value": 0.012575837466936475,
    "conf_lower": -0.08365776365599766,
    "conf_upper": -0.010056914759718996,
    "multiplicative_effect": -4.577648183641269
  },
  "diag_cerebral": {
    "estimate": 0.04806231622656544,
    "std_error": 0.019536633418424654,
    "t_value": 2.460112507472179,
    "p_value": 0.013892467345565528,
    "conf_lower": 0.009770356762726709,
    "conf_upper": 0.08635427569040417,
    "multiplicative_effect": 4.923603771790441
  }
}