{
  "r2_train": 0.12478513229665444,
  "rmse_train": 42059.684054321675,
  "mae_train": 29404.45867654283,
  "mape_train": 88.03066643434563,
  "r2_test": 0.11273890419573329,
  "rmse_test": 42068.08014553294,
  "mae_test": 29432.193102131332,
  "mape_test": 88.03652372156915,
  "within_1k": 2.677787532923617,
  "within_2k": 5.004389815627744,
  "within_5k": 14.281533508925959,
  "within_10k": 26.690079016681302,
  "within_20k": 48.28797190517998,
  "training_samples": 27339,
  "test_samples": 6834,
  "mean_prediction": 38434.042007300675,
  "std_prediction": 32558.477901122238,
  "mean_actual": 44216.18207345624,
  "std_actual": 44660.84882650188,
  "cv_mean": 0.12209094092644084,
  "cv_std": 0.04047371239080471,
  "r2_log_scale": 0.23690975237747003,
  "sigma_log": 0.7110869347576219,
  "smearing_factor": 1.239423798881584,
  "skewness_original": 1.3018820058836453,
  "skewness_log": -0.6537496165476536,
  "skewness_reduction_pct": 150.21573488174334,
  "heteroscedasticity_pval": 5.999586327220978e-298,
  "aic": 58960.671616750675,
  "bic": 59116.77693788079,
  "num_parameters": 23,
  "transformation": "log-sqrt"
}