{
  "cv_mean": -0.3703539713942126,
  "cv_std": 0.07540198210740329,
  "within_1k": 2.4875621890547266,
  "within_2k": 4.741000877963126,
  "within_5k": 14.266900790166815,
  "within_10k": 26.836406204272755,
  "within_20k": 48.60989171788118,
  "r2_train": -0.36256967043976496,
  "r2_test": -0.35167130429714955,
  "rmse_train": 52479.29855300063,
  "rmse_test": 51923.32793049511,
  "rmse_train_sqrt": 1.2220371032926745,
  "rmse_test_sqrt": 1.233939659918743,
  "mae_train": 35825.08934094436,
  "mae_test": 35373.73102946468,
  "mape_train": 405.1384371291154,
  "mape_test": 423.849902729222,
  "training_samples": 27339,
  "test_samples": 6834,
  "r2_log_scale": 0.4361790256101131,
  "sigma_log": 1.223200948416738,
  "smearing_factor": 1.8786734273405614,
  "skewness_original": 1.300855217620522,
  "skewness_log": -0.6390039456840663,
  "skewness_reduction_pct": 149.1218343923707,
  "heteroscedasticity_pval": 0.0,
  "aic": 88652.71119640699,
  "bic": 89079.94681213153,
  "num_parameters": 58,
  "transformation": "log",
  "smearing_method": "global"
}