{
  "r2_train": 0.116088843651733,
  "rmse_train": 41494.083338034274,
  "mae_train": 28838.883690967654,
  "mape_train": 88.34165071362236,
  "r2_test": 0.08062115885746846,
  "rmse_test": 41875.099174595896,
  "mae_test": 29144.626166145656,
  "mape_test": 88.78170052149153,
  "within_1k": 2.1036200104066007,
  "within_2k": 4.96543521891028,
  "within_5k": 13.699546569538393,
  "within_10k": 26.70779751728239,
  "within_20k": 49.304987735077674,
  "training_samples": 53812,
  "test_samples": 13453,
  "mean_prediction": 37452.802720750115,
  "std_prediction": 32465.960199635432,
  "mean_actual": 43179.11469858024,
  "std_actual": 43672.55458693387,
  "cv_mean": 0.11502588035581365,
  "cv_std": 0.021128794213641264,
  "r2_log_scale": 0.24389816871888126,
  "sigma_log": 0.7124015478553678,
  "smearing_factor": 1.2414594653270308,
  "skewness_original": 1.3202179406708283,
  "skewness_log": -0.6361987266119898,
  "skewness_reduction_pct": 148.18891692145354,
  "heteroscedasticity_pval": 0.0,
  "aic": 116234.080116948,
  "bic": 116403.0519005705,
  "num_parameters": 23,
  "transformation": "log-sqrt"
}