{
  "cv_mean": -0.34104499987960246,
  "cv_std": 0.06830070720858372,
  "within_1k": 2.019315188762072,
  "within_2k": 4.331284752707052,
  "within_5k": 14.354697102721687,
  "within_10k": 25.50482879719052,
  "within_20k": 48.68305531167691,
  "r2_train": -0.33703311022299465,
  "r2_test": -0.3007540017562982,
  "rmse_train": 51985.20295298861,
  "rmse_test": 50935.96733848241,
  "rmse_train_sqrt": 1.2301983187385304,
  "rmse_test_sqrt": 1.2432287144192768,
  "mae_train": 35564.41759019239,
  "mae_test": 34943.735711018024,
  "mape_train": 421.5306624223814,
  "mape_test": 441.7168007465043,
  "training_samples": 27339,
  "test_samples": 6834,
  "r2_log_scale": 0.42862306912959325,
  "sigma_log": 1.2306935948682534,
  "smearing_factor": 1.892647401485351,
  "skewness_original": 1.300855217620522,
  "skewness_log": -0.6390039456840663,
  "skewness_reduction_pct": 149.1218343923707,
  "heteroscedasticity_pval": 0.0,
  "aic": 88956.65715499946,
  "bic": 89137.41068472907,
  "num_parameters": 22,
  "transformation": "log",
  "smearing_method": "global"
}