{
  "living_FH": {
    "n": 11666,
    "r2": 0.11548016142786799,
    "rmse": 41763.31972024499,
    "bias": -7390.9862069771625
  },
  "living_ILSL": {
    "n": 1787,
    "r2": -0.22145908015808113,
    "rmse": 42597.61732020889,
    "bias": 5141.113627782242
  },
  "living_RHOneToFour": {
    "n": 0,
    "r2": 0,
    "rmse": 0,
    "bias": 0
  },
  "age_AgeUnderTwentyOne": {
    "n": 1300,
    "r2": -0.08017390782474032,
    "rmse": 41987.553984931576,
    "bias": -17634.17027892591
  },
  "age_AgeTwentyOneToThirty": {
    "n": 3770,
    "r2": 0.10718240959027292,
    "rmse": 45214.890517428816,
    "bias": -10364.200927284131
  },
  "age_AgeThirtyOnePlus": {
    "n": 8383,
    "r2": 0.05869283707820305,
    "rmse": 40264.80980971713,
    "bias": -1793.942046914451
  },
  "cost_QOneLow": {
    "n": 3365,
    "r2": -10.0,
    "rmse": 31834.06698746926,
    "bias": 23212.204922356366
  },
  "cost_QTwo": {
    "n": 3362,
    "r2": -7.752938765635033,
    "rmse": 21231.75298614405,
    "bias": 10437.8364023416
  },
  "cost_QThree": {
    "n": 3363,
    "r2": -5.797318575417607,
    "rmse": 30014.641449484276,
    "bias": -13187.06852972173
  },
  "cost_QFourHigh": {
    "n": 3363,
    "r2": -2.8388360365065317,
    "rmse": 68184.12311759243,
    "bias": -43380.62418099796
  }
}