{
  "living_FH": {
    "n": 5941,
    "r2": 0.14368653320597757,
    "rmse": 41894.73917863365,
    "bias": -7604.143802913268
  },
  "living_ILSL": {
    "n": 893,
    "r2": -0.14857085211822674,
    "rmse": 43203.59166276345,
    "bias": 6339.387593505682
  },
  "living_RHOneToFour": {
    "n": 0,
    "r2": 0,
    "rmse": 0,
    "bias": 0
  },
  "age_AgeUnderTwentyOne": {
    "n": 694,
    "r2": -0.008528830139979293,
    "rmse": 37469.80368633076,
    "bias": -13659.44652995592
  },
  "age_AgeTwentyOneToThirty": {
    "n": 1797,
    "r2": 0.11794361521525265,
    "rmse": 45887.71503536609,
    "bias": -10356.318838293797
  },
  "age_AgeThirtyOnePlus": {
    "n": 4343,
    "r2": 0.07919642596497434,
    "rmse": 41099.36354110699,
    "bias": -2630.7124954878623
  },
  "cost_QOneLow": {
    "n": 1709,
    "r2": -10.0,
    "rmse": 30346.306071413626,
    "bias": 22960.78446515724
  },
  "cost_QTwo": {
    "n": 1708,
    "r2": -7.720462276512023,
    "rmse": 22789.057405767842,
    "bias": 11129.509022522634
  },
  "cost_QThree": {
    "n": 1708,
    "r2": -5.827092148657403,
    "rmse": 30496.376660927912,
    "bias": -13581.487152889045
  },
  "cost_QFourHigh": {
    "n": 1709,
    "r2": -2.667823971065618,
    "rmse": 68610.50988907828,
    "bias": -43632.03464973378
  }
}