{
  "cv_actual": 0.5294788055430656,
  "cv_predicted": 0.22431575980238042,
  "prediction_interval_95": 149.06252477324753,
  "budget_actual_correlation": 0.4039063520075364,
  "quarterly_variance": 48.401694198352224,
  "annual_adjustment_rate": 88.73570948217888
}