{
  "train": {
    "pseudo_r2": 0.04784263110795328,
    "deviance_r2": 0.6539623179413716,
    "r2": 0.5296868012826884,
    "rmse": 57371.55858220332,
    "mae": 34823.66358486612,
    "mape": 58.8733070403775
  },
  "test": {
    "r2": 0.4719906327286729,
    "rmse": 58880.944758954996,
    "mae": 34118.56789405048,
    "mape": 57.031954369422145,
    "pseudo_r2": 0.6555887146972563,
    "deviance": 1323.2409517403537,
    "within_5k": 15.32,
    "within_10k": 28.96,
    "within_20k": 49.44
  },
  "cross_validation": {
    "pseudo_r2_mean": 0.6519520067864274,
    "pseudo_r2_std": 0.009122470561662965,
    "r2_mean": 0.522973171633296,
    "r2_std": 0.0550944965648862,
    "rmse_mean": 57627.53647579476,
    "rmse_std": 3746.2786557989525,
    "mae_mean": 34943.00138018482,
    "mae_std": 862.0569975031262,
    "deviance_mean": 547.0207914603708,
    "deviance_std": 16.85729639672058
  },
  "glm_specific": {
    "deviance": 5442.395170630253,
    "null_deviance": 15727.752937924724,
    "aic": 470752.003122701,
    "bic": -192142.08499001802,
    "dispersion": 0.26225098379399536,
    "log_likelihood": -235327.0015613505,
    "n_iterations": 100
  }
}