{
  "cv_mean": 0.53505071051733,
  "cv_std": 0.005151040000392657,
  "within_1k": 4.046649575227467,
  "within_2k": 8.27426733021666,
  "within_5k": 23.92801487960589,
  "within_10k": 44.59860252350073,
  "within_20k": 70.20559995978485,
  "r2_train": 0.6013409910219831,
  "r2_test": 0.547198479022529,
  "rmse_train": 26403.81201972922,
  "rmse_test": 27777.17690649142,
  "rmse_train_sqrt": 65.84161766839455,
  "rmse_test_sqrt": 69.6118346826643,
  "mae_train": 17306.161257647203,
  "mae_test": 18300.73287441557,
  "mape_train": 281.7884504628024,
  "mape_test": 309.439609525691,
  "training_samples": 79572,
  "test_samples": 19893
}