{
  "cv_mean": 0.6324070838254767,
  "cv_std": 0.002824867665469446,
  "within_1k": 4.277886693811894,
  "within_2k": 7.706228321520133,
  "within_5k": 20.831448248127483,
  "within_10k": 40.98929271603076,
  "within_20k": 70.07490071884583,
  "r2_train": 0.732178260527836,
  "r2_test": 0.6411774315867073,
  "rmse_train": 21641.56951350698,
  "rmse_test": 24727.14875533548,
  "rmse_train_sqrt": 21641.569513506976,
  "rmse_test_sqrt": 24727.14875533548,
  "mae_train": 15413.479771441394,
  "mae_test": 17381.672829177183,
  "mape_train": 354.0253530915435,
  "mape_test": 398.5038144719676,
  "training_samples": 79572,
  "test_samples": 19893
}