{
  "r2_train": 0.3401708924608593,
  "rmse_train": 36519.46424985918,
  "mae_train": 26165.475018868263,
  "mape_train": 82.75777536171135,
  "r2_test": 0.2688412723298037,
  "rmse_test": 38188.518213414995,
  "mae_test": 27467.97045823752,
  "mape_test": 84.01041683786394,
  "within_1k": 2.355867720222417,
  "within_2k": 4.755633596722271,
  "within_5k": 12.686567164179104,
  "within_10k": 26.616915422885572,
  "within_20k": 49.341527655838455,
  "training_samples": 27339,
  "test_samples": 6834,
  "mean_prediction": 35110.18405891309,
  "std_prediction": 21157.901494114205,
  "mean_actual": 44216.18207345624,
  "std_actual": 44660.84882650188
}