{
  "cv_mean": 0.5073691194972381,
  "cv_std": 0.01613901454514085,
  "within_1k": 3.8337723148961076,
  "within_2k": 8.033362598770852,
  "within_5k": 21.129645888206028,
  "within_10k": 39.098624524436644,
  "within_20k": 65.01316944688324,
  "r2_train": 0.9183350844557661,
  "r2_test": 0.501913445304282,
  "rmse_train": 12847.730596604384,
  "rmse_test": 31519.504554629006,
  "rmse_train_sqrt": 28.501048628208494,
  "rmse_test_sqrt": 76.64275548151454,
  "mae_train": 7796.598967481114,
  "mae_test": 20897.01449707464,
  "mape_train": 80.03314512501372,
  "mape_test": 349.20021955409504,
  "training_samples": 27339,
  "test_samples": 6834
}