{
  "r2_train": 0.5170171422614727,
  "rmse_train": 30672.397623381625,
  "mae_train": 22552.74880926514,
  "mape_train": 81.24852531109823,
  "r2_test": 0.4160056164819055,
  "rmse_test": 33374.35886772523,
  "mae_test": 24728.222386090983,
  "mape_test": 84.14816045578615,
  "within_1k": 2.334051884338066,
  "within_2k": 4.801902921281498,
  "within_5k": 12.993384375232289,
  "within_10k": 27.540325577938006,
  "within_20k": 52.86553185163161,
  "training_samples": 53812,
  "test_samples": 13453,
  "mean_prediction": 43269.79964886835,
  "std_prediction": 24879.916220907868,
  "mean_actual": 43179.11469858024,
  "std_actual": 43672.554586933875,
  "cv_mean": 0.4165566742187205,
  "cv_std": 0.008677751272531356
}