{
  "living_FH": {
    "n": 5941,
    "r2": 0.26807767818204664,
    "rmse": 38732.50629567164,
    "bias": -9203.049270874097
  },
  "living_ILSL": {
    "n": 893,
    "r2": 0.27390617384672,
    "rmse": 34350.83745126561,
    "bias": -8460.330025895804
  },
  "living_RHOneToFour": {
    "n": 0,
    "r2": 0,
    "rmse": 0,
    "bias": 0
  },
  "age_AgeUnderTwentyOne": {
    "n": 694,
    "r2": 0.2962094682556331,
    "rmse": 31301.054509440302,
    "bias": -1593.2731882082687
  },
  "age_AgeTwentyOneToThirty": {
    "n": 1797,
    "r2": 0.22461489530343615,
    "rmse": 43023.62362308814,
    "bias": -10960.278835525995
  },
  "age_AgeThirtyOnePlus": {
    "n": 4343,
    "r2": 0.2518863711777438,
    "rmse": 37045.49324955863,
    "bias": -9539.267274080406
  },
  "cost_QOneLow": {
    "n": 1709,
    "r2": -10.0,
    "rmse": 28848.200871569166,
    "bias": 23886.672496183208
  },
  "cost_QTwo": {
    "n": 1708,
    "r2": -4.234994861434742,
    "rmse": 17656.91142426897,
    "bias": 8817.772126996366
  },
  "cost_QThree": {
    "n": 1708,
    "r2": -3.581695978200032,
    "rmse": 24982.937098574377,
    "bias": -17414.45913024046
  },
  "cost_QFourHigh": {
    "n": 1709,
    "r2": -2.1666350788384063,
    "rmse": 63750.76693814675,
    "bias": -51708.351273156324
  }
}