{
  "living_FH": {
    "n": 11666,
    "r2": 0.4188675068075247,
    "rmse": 33851.569056217406,
    "bias": 255.68455667053053
  },
  "living_ILSL": {
    "n": 1787,
    "r2": 0.3911977407512993,
    "rmse": 30073.499954398594,
    "bias": -986.4753228273545
  },
  "living_RHOneToFour": {
    "n": 0,
    "r2": 0,
    "rmse": 0,
    "bias": 0
  },
  "age_AgeUnderTwentyOne": {
    "n": 1300,
    "r2": 0.39168371577544014,
    "rmse": 31509.27823891465,
    "bias": -994.9161423890114
  },
  "age_AgeTwentyOneToThirty": {
    "n": 3770,
    "r2": 0.37032635917213974,
    "rmse": 37971.51028514969,
    "bias": 1158.0745645617656
  },
  "age_AgeThirtyOnePlus": {
    "n": 8383,
    "r2": 0.42804027793980015,
    "rmse": 31386.485876355495,
    "bias": -220.99075355674745
  },
  "cost_QOneLow": {
    "n": 3365,
    "r2": -10.0,
    "rmse": 34720.04602856731,
    "bias": 29053.414272982434
  },
  "cost_QTwo": {
    "n": 3362,
    "r2": -8.214803296626153,
    "rmse": 21784.717993014125,
    "bias": 14166.875761920784
  },
  "cost_QThree": {
    "n": 3363,
    "r2": -2.034164558486655,
    "rmse": 20053.210509161883,
    "bias": -7338.049357255384
  },
  "cost_QFourHigh": {
    "n": 3363,
    "r2": -0.9594015703094458,
    "rmse": 48713.03673274428,
    "bias": -35532.53961209866
  }
}