{
  "r2_train": 0.27259358651419263,
  "rmse_train": 37578.58926252199,
  "mae_train": 28106.142465646233,
  "mape_train": 89.3993887536714,
  "r2_test": 0.27383234292199554,
  "rmse_test": 37466.8915276309,
  "mae_test": 28053.981543306974,
  "mape_test": 88.12017171578607,
  "within_1k": 2.4158180331524566,
  "within_2k": 4.7721697762580835,
  "within_5k": 11.75202557050472,
  "within_10k": 23.37025198840407,
  "within_20k": 45.34304616070765,
  "training_samples": 53812,
  "test_samples": 13453,
  "mean_prediction": 43535.77818026603,
  "std_prediction": 23206.94120434624,
  "mean_actual": 43923.81757377536,
  "std_actual": 43967.24080681901,
  "cv_mean": 0.2718623097597096,
  "cv_std": 0.00882409602057811,
  "alpha": 7.079426207920878e-10,
  "lambda": 6.130674055976828e-09,
  "log_marginal_likelihood": -643292.4035512591,
  "effective_parameters": 0.10352131933304587,
  "avg_credible_interval_width": 11407.437690351608,
  "implementation_cost": 165000,
  "annual_operating_cost": 35000,
  "three_year_tco": 270000,
  "n_robust_features": 19
}