{
  "r2_train": 0.22718333890101805,
  "rmse_train": 39522.72685394657,
  "mae_train": 28438.899455797124,
  "mape_train": 85.89831775039248,
  "r2_test": 0.21779877839408357,
  "rmse_test": 39499.01066721691,
  "mae_test": 28301.14511771672,
  "mape_test": 85.40253437970742,
  "within_1k": 2.941176470588235,
  "within_2k": 5.677494878548434,
  "within_5k": 13.85718466491074,
  "within_10k": 26.412057360257535,
  "within_20k": 47.49780509218613,
  "training_samples": 27339,
  "test_samples": 6834,
  "mean_prediction": 35204.67881352928,
  "std_prediction": 21310.44233108593,
  "mean_actual": 44216.18207345624,
  "std_actual": 44660.84882650188,
  "alpha": 0.00011093280183109618,
  "lambda": 0.002232369697891066,
  "effective_parameters": 0.9526596323589255,
  "avg_credible_interval_width": 133131.24243687853,
  "log_marginal_likelihood": -163324.84333567286,
  "n_robust_features": 19,
  "transformation": "sqrt",
  "regulatory_compliant": "No",
  "deployment_status": "Research Only",
  "cv_scores": [
    0.23442885125996993,
    0.24948683002955852,
    0.23176228005705612,
    0.251785679413543,
    0.21098566233902594,
    0.22202214101206086,
    0.2218490775632913,
    0.22855102350605105,
    0.20364748456609427,
    0.2085534677794969
  ],
  "cv_mean": 0.22630724975261485,
  "cv_std": 0.01545589155255344,
  "cv_r2_mean": 0.22630724975261485,
  "cv_r2_std": 0.01545589155255344
}