{
  "living_FH": {
    "n": 5941,
    "r2": 0.22041665364519225,
    "rmse": 39973.70292122178,
    "bias": -9499.547176027874
  },
  "living_ILSL": {
    "n": 893,
    "r2": 0.1943961440432742,
    "rmse": 36182.762827300474,
    "bias": -5764.6175874124465
  },
  "living_RHOneToFour": {
    "n": 0,
    "r2": 0,
    "rmse": 0,
    "bias": 0
  },
  "age_AgeUnderTwentyOne": {
    "n": 694,
    "r2": 0.14257290330855754,
    "rmse": 34549.03018762421,
    "bias": -7889.723510029356
  },
  "age_AgeTwentyOneToThirty": {
    "n": 1797,
    "r2": 0.1625286922966671,
    "rmse": 44712.94002014837,
    "bias": -9427.796714989256
  },
  "age_AgeThirtyOnePlus": {
    "n": 4343,
    "r2": 0.2166172683390798,
    "rmse": 37908.67415511767,
    "bias": -9018.51127459011
  },
  "cost_QOneLow": {
    "n": 1709,
    "r2": -10.0,
    "rmse": 29683.005271716225,
    "bias": 24194.23558513101
  },
  "cost_QTwo": {
    "n": 1708,
    "r2": -4.7814577752564915,
    "rmse": 18555.61220498831,
    "bias": 9967.52451838902
  },
  "cost_QThree": {
    "n": 1708,
    "r2": -3.628078884071588,
    "rmse": 25109.076331701857,
    "bias": -17008.050456558118
  },
  "cost_QFourHigh": {
    "n": 1709,
    "r2": -2.415510295499806,
    "rmse": 66208.56940307445,
    "bias": -53193.296425358094
  }
}