{
  "living_FH": {
    "n": 11625,
    "r2": 0.28021509583400606,
    "rmse": 37818.719614441325,
    "bias": -479.1560507053241
  },
  "living_ILSL": {
    "n": 1828,
    "r2": 0.22238183686603752,
    "rmse": 35147.15523853171,
    "bias": 191.40871365881384
  },
  "living_RHOneToFour": {
    "n": 0,
    "r2": 0,
    "rmse": 0,
    "bias": 0
  },
  "age_AgeUnderTwentyOne": {
    "n": 1286,
    "r2": 0.09109604270313754,
    "rmse": 34267.65133931111,
    "bias": 1510.9015591183481
  },
  "age_AgeTwentyOneToThirty": {
    "n": 3719,
    "r2": 0.22202574910187656,
    "rmse": 43529.99814390523,
    "bias": -1671.6777667032009
  },
  "age_AgeThirtyOnePlus": {
    "n": 8448,
    "r2": 0.29054321322254306,
    "rmse": 34964.45298145884,
    "bias": -112.0198569528967
  },
  "cost_QOneLow": {
    "n": 3364,
    "r2": -10.0,
    "rmse": 37827.3562116471,
    "bias": 31250.38279012703
  },
  "cost_QTwo": {
    "n": 3363,
    "r2": -10.0,
    "rmse": 24565.34699065315,
    "bias": 16772.473085049885
  },
  "cost_QThree": {
    "n": 3363,
    "r2": -2.2849400315607387,
    "rmse": 20895.1874295166,
    "bias": -7269.152714301226
  },
  "cost_QFourHigh": {
    "n": 3363,
    "r2": -1.5957292972391408,
    "rmse": 56072.18351443258,
    "bias": -42315.26853217251
  }
}