{
  "cv_actual": 0.5295232370829823,
  "cv_predicted": 0.22009217827024405,
  "prediction_interval_95": 148.26894508745931,
  "budget_actual_correlation": 0.41419232363946995,
  "quarterly_variance": 48.149539839724596,
  "annual_adjustment_rate": 88.80107617286026
}