{
  "const": {
    "value": 7.814393307436055,
    "std_error": 0.04210096355927772,
    "z_value": 185.6107947846246,
    "p_value": 0.0,
    "conf_int_lower": 7.731876935145437,
    "conf_int_upper": 7.896909679726673,
    "exp_value": 2475.984335961312
  },
  "Res_ILSL": {
    "value": -1.706317071952582e-13,
    "std_error": 8.913130088254284e-16,
    "z_value": -191.43859172449027,
    "p_value": 0.0,
    "conf_int_lower": -1.7237864859150806e-13,
    "conf_int_upper": -1.6888476579900833e-13,
    "exp_value": 0.9999999999998294
  },
  "Res_RH1": {
    "value": -5.991104913507822e-14,
    "std_error": 3.0771128039300433e-16,
    "z_value": -194.6989043058828,
    "p_value": 0.0,
    "conf_int_lower": -6.051415216228522e-14,
    "conf_int_upper": -5.930794610787122e-14,
    "exp_value": 0.99999999999994
  },
  "Res_RH2": {
    "value": -5.949830025675568e-15,
    "std_error": 4.2994034288805475e-17,
    "z_value": -138.387339641322,
    "p_value": 0.0,
    "conf_int_lower": -6.034096784431707e-15,
    "conf_int_upper": -5.865563266919429e-15,
    "exp_value": 0.999999999999994
  },
  "Res_RH3": {
    "value": 1.552355229846591e-14,
    "std_error": 8.737731012838722e-17,
    "z_value": 177.6611373783021,
    "p_value": 0.0,
    "conf_int_lower": 1.5352295917548282e-14,
    "conf_int_upper": 1.5694808679383536e-14,
    "exp_value": 1.0000000000000155
  },
  "Res_RH4": {
    "value": -4.340339667085721e-15,
    "std_error": 2.7451736415785396e-17,
    "z_value": -158.10801915575453,
    "p_value": 0.0,
    "conf_int_lower": -4.3941440817737475e-15,
    "conf_int_upper": -4.286535252397695e-15,
    "exp_value": 0.9999999999999957
  },
  "Live_ILSL": {
    "value": 0.3456180007686153,
    "std_error": 0.01941707003291187,
    "z_value": 17.799698934123118,
    "p_value": 7.1049795680938075e-71,
    "conf_int_lower": 0.3075612428188161,
    "conf_int_upper": 0.38367475871841455,
    "exp_value": 1.4128628002159345
  },
  "Live_RH1": {
    "value": 3.487463361325461e-15,
    "std_error": 2.969388841078311e-17,
    "z_value": 117.44717677523887,
    "p_value": 0.0,
    "conf_int_lower": 3.4292644094793747e-15,
    "conf_int_upper": 3.545662313171547e-15,
    "exp_value": 1.0000000000000036
  },
  "Live_RH2": {
    "value": 4.1101647685056317e-16,
    "std_error": 4.667323850729851e-18,
    "z_value": 88.0625579016315,
    "p_value": 0.0,
    "conf_int_lower": 4.0186869019894786e-16,
    "conf_int_upper": 4.201642635021785e-16,
    "exp_value": 1.0000000000000004
  },
  "Live_RH3": {
    "value": -1.8395571079228144e-15,
    "std_error": 1.846187878582379e-17,
    "z_value": -99.64083987678133,
    "p_value": 0.0,
    "conf_int_lower": -1.875741725429973e-15,
    "conf_int_upper": -1.803372490415656e-15,
    "exp_value": 0.9999999999999981
  },
  "Live_RH4": {
    "value": -6.971503860522523e-16,
    "std_error": 8.182260452020904e-18,
    "z_value": -85.2026637553521,
    "p_value": 0.0,
    "conf_int_lower": -7.131873218503397e-16,
    "conf_int_upper": -6.81113450254165e-16,
    "exp_value": 0.9999999999999993
  },
  "Age21_30": {
    "value": 0.8748881118033748,
    "std_error": 0.02384538247189851,
    "z_value": 36.690043149210105,
    "p_value": 1.0526870054091153e-294,
    "conf_int_lower": 0.828152020960871,
    "conf_int_upper": 0.9216242026458785,
    "exp_value": 2.3986069031516895
  },
  "Age31Plus": {
    "value": 0.8397084185336551,
    "std_error": 0.029081166383628138,
    "z_value": 28.87464716705403,
    "p_value": 2.485555990364087e-183,
    "conf_int_lower": 0.782710379793327,
    "conf_int_upper": 0.8967064572739831,
    "exp_value": 2.3156916655603115
  },
  "Age": {
    "value": 0.011617079769940114,
    "std_error": 0.0006482835376075403,
    "z_value": 17.91975130636881,
    "p_value": 8.269699129626904e-72,
    "conf_int_lower": 0.010346467384459117,
    "conf_int_upper": 0.012887692155421111,
    "exp_value": 1.0116848201019366
  },
  "BSum": {
    "value": 0.0397532550356519,
    "std_error": 0.0052181234988432044,
    "z_value": 7.618304749679597,
    "p_value": 2.5702890193665107e-14,
    "conf_int_lower": 0.029525920911037083,
    "conf_int_upper": 0.049980589160266715,
    "exp_value": 1.0405539910562926
  },
  "BLEVEL": {
    "value": -0.04490381111617483,
    "std_error": 0.008414792788929346,
    "z_value": -5.336294338138795,
    "p_value": 9.486536084189208e-08,
    "conf_int_lower": -0.06139650191984371,
    "conf_int_upper": -0.028411120312505953,
    "exp_value": 0.9560894425865473
  },
  "FSum": {
    "value": -0.02506613286351143,
    "std_error": 0.0028687632803385565,
    "z_value": -8.737609350797761,
    "p_value": 2.3809518408281434e-18,
    "conf_int_lower": -0.03068880557314598,
    "conf_int_upper": -0.01944346015387688,
    "exp_value": 0.9752454141237782
  },
  "FLEVEL": {
    "value": 0.02616434223850545,
    "std_error": 0.01193751125853188,
    "z_value": 2.1917752931797647,
    "p_value": 0.02839573595241644,
    "conf_int_lower": 0.0027672501067415554,
    "conf_int_upper": 0.049561434370269344,
    "exp_value": 1.0265096335030421
  },
  "PSum": {
    "value": 0.0009738670221009261,
    "std_error": 0.0015579809389625189,
    "z_value": 0.6250827579119406,
    "p_value": 0.5319167436690715,
    "conf_int_lower": -0.002079719506865507,
    "conf_int_upper": 0.0040274535510673596,
    "exp_value": 1.0009743413845655
  },
  "PLEVEL": {
    "value": 0.01004591674925106,
    "std_error": 0.010165544221136715,
    "z_value": 0.9882320641882686,
    "p_value": 0.32303900814622444,
    "conf_int_lower": -0.009878183807426175,
    "conf_int_upper": 0.029970017305928298,
    "exp_value": 1.010096546369206
  },
  "LOSRI": {
    "value": 0.10855952534266743,
    "std_error": 0.009951009484939873,
    "z_value": 10.909398238134969,
    "p_value": 1.0394210159167867e-27,
    "conf_int_lower": 0.0890559051423688,
    "conf_int_upper": 0.12806314554296605,
    "exp_value": 1.1146712577521711
  },
  "OLEVEL": {
    "value": 3.5252964061878195e-17,
    "std_error": 2.1301383846073427e-18,
    "z_value": 16.549612136291568,
    "p_value": 1.611374206714069e-61,
    "conf_int_lower": 3.107796954596147e-17,
    "conf_int_upper": 3.9427958577794917e-17,
    "exp_value": 1.0
  },
  "Q26": {
    "value": 0.03354866732501697,
    "std_error": 0.008059968303807202,
    "z_value": 4.162382041771794,
    "p_value": 3.1494484414067595e-05,
    "conf_int_lower": 0.017751419733020465,
    "conf_int_upper": 0.04934591491701347,
    "exp_value": 1.0341177702472704
  },
  "Q36": {
    "value": 0.13569873797812354,
    "std_error": 0.00621004131280957,
    "z_value": 21.85150325783102,
    "p_value": 7.521593626874058e-106,
    "conf_int_lower": 0.12352728066251095,
    "conf_int_upper": 0.14787019529373613,
    "exp_value": 1.1453367951363098
  },
  "Q27": {
    "value": 0.016754749532720846,
    "std_error": 0.008045035644088485,
    "z_value": 2.0826196767732514,
    "p_value": 0.03728590420425767,
    "conf_int_lower": 0.0009867694159664195,
    "conf_int_upper": 0.03252272964947527,
    "exp_value": 1.0168958975466715
  },
  "Q20": {
    "value": 0.11652764220375655,
    "std_error": 0.010312369123942287,
    "z_value": 11.299793558903323,
    "p_value": 1.315268232668904e-29,
    "conf_int_lower": 0.0963157701255468,
    "conf_int_upper": 0.1367395142819663,
    "exp_value": 1.123588568502095
  },
  "Q21": {
    "value": 0.06415418007829411,
    "std_error": 0.01020311233746102,
    "z_value": 6.287706922793568,
    "p_value": 3.221894174212231e-10,
    "conf_int_lower": 0.04415644736665423,
    "conf_int_upper": 0.084151912789934,
    "exp_value": 1.0662567816429722
  },
  "Q23": {
    "value": 0.16932165566733798,
    "std_error": 0.01076660073782029,
    "z_value": 15.726565867029386,
    "p_value": 9.946117825260795e-56,
    "conf_int_lower": 0.14821950598528782,
    "conf_int_upper": 0.19042380534938813,
    "exp_value": 1.1845010791399686
  },
  "Q30": {
    "value": -0.04324179454306617,