{
  "const": {
    "value": 7.846805500674126,
    "std_error": 0.04114969901134532,
    "z_value": 190.6892562813326,
    "p_value": 0.0,
    "conf_int_lower": 7.766153572637226,
    "conf_int_upper": 7.927457428711026,
    "exp_value": 2557.5511577962898
  },
  "Res_ILSL": {
    "value": -1.6907271688466257e-14,
    "std_error": 1.4316937261146733e-16,
    "z_value": -118.09279722381103,
    "p_value": 0.0,
    "conf_int_lower": -1.7187878502473928e-14,
    "conf_int_upper": -1.6626664874458585e-14,
    "exp_value": 0.9999999999999831
  },
  "Res_RH1": {
    "value": 8.650210416806197e-14,
    "std_error": 4.435588242148348e-16,
    "z_value": 195.01833679260824,
    "p_value": 0.0,
    "conf_int_lower": 8.563274484757596e-14,
    "conf_int_upper": 8.737146348854798e-14,
    "exp_value": 1.0000000000000866
  },
  "Res_RH2": {
    "value": 1.0489575990570642e-14,
    "std_error": 6.024876240309869e-17,
    "z_value": 174.1044226002416,
    "p_value": 0.0,
    "conf_int_lower": 1.0371490586147458e-14,
    "conf_int_upper": 1.0607661394993825e-14,
    "exp_value": 1.0000000000000104
  },
  "Res_RH3": {
    "value": 2.3623381160756024e-14,
    "std_error": 1.2651829130008763e-16,
    "z_value": 186.7190974364642,
    "p_value": 0.0,
    "conf_int_lower": 2.3375409866422306e-14,
    "conf_int_upper": 2.387135245508974e-14,
    "exp_value": 1.0000000000000235
  },
  "Res_RH4": {
    "value": 1.0984121852065513e-14,
    "std_error": 6.369463381962752e-17,
    "z_value": 172.44972132457337,
    "p_value": 0.0,
    "conf_int_lower": 1.0859282663770576e-14,
    "conf_int_upper": 1.110896104036045e-14,
    "exp_value": 1.0000000000000109
  },
  "Live_ILSL": {
    "value": 0.34329216611136176,
    "std_error": 0.019408879549526106,
    "z_value": 17.687376813039354,
    "p_value": 5.246144073052759e-70,
    "conf_int_lower": 0.3052514612140146,
    "conf_int_upper": 0.38133287100870894,
    "exp_value": 1.4095805334337863
  },
  "Live_RH1": {
    "value": 3.2222735586719905e-15,
    "std_error": 1.9264879743719516e-17,
    "z_value": 167.26154544112708,
    "p_value": 0.0,
    "conf_int_lower": 3.184515088207805e-15,
    "conf_int_upper": 3.260032029136176e-15,
    "exp_value": 1.0000000000000033
  },
  "Live_RH2": {
    "value": 1.9605813976962536e-16,
    "std_error": 1.338371384688576e-17,
    "z_value": 14.649008639350571,
    "p_value": 1.366956171699002e-48,
    "conf_int_lower": 1.6982654265033926e-16,
    "conf_int_upper": 2.2228973688891147e-16,
    "exp_value": 1.0000000000000002
  },
  "Live_RH3": {
    "value": 1.3489417593536986e-15,
    "std_error": 1.9516445529462763e-17,
    "z_value": 69.1182089134666,
    "p_value": 0.0,
    "conf_int_lower": 1.3106902290097139e-15,
    "conf_int_upper": 1.3871932896976832e-15,
    "exp_value": 1.0000000000000013
  },
  "Live_RH4": {
    "value": 8.341210712898049e-16,
    "std_error": 1.0927844273740635e-17,
    "z_value": 76.32988267358267,
    "p_value": 0.0,
    "conf_int_lower": 8.12702890084611e-16,
    "conf_int_upper": 8.555392524949988e-16,
    "exp_value": 1.0000000000000009
  },
  "Age21_30": {
    "value": 0.8756992589540978,
    "std_error": 0.023865175798747973,
    "z_value": 36.69360185480131,
    "p_value": 9.237384674740631e-295,
    "conf_int_lower": 0.8289243739038349,
    "conf_int_upper": 0.9224741440043608,
    "exp_value": 2.400553315613625
  },
  "Age31Plus": {
    "value": 0.8409398640469495,
    "std_error": 0.029104695522066293,
    "z_value": 28.893614894867206,
    "p_value": 1.4361629212363556e-183,
    "conf_int_lower": 0.7838957090426955,
    "conf_int_upper": 0.8979840190512036,
    "exp_value": 2.3185450702176316
  },
  "Age": {
    "value": 0.011558017107229071,
    "std_error": 0.0006482967600050108,
    "z_value": 17.828281460391285,
    "p_value": 4.263253070517066e-71,
    "conf_int_lower": 0.010287378806325242,
    "conf_int_upper": 0.0128286554081329,
    "exp_value": 1.011625069067182
  },
  "BSum": {
    "value": 0.03937956021224559,
    "std_error": 0.005218674203259038,
    "z_value": 7.545893588768818,
    "p_value": 4.491967203141654e-14,
    "conf_int_lower": 0.029151146726809615,
    "conf_int_upper": 0.049607973697681565,
    "exp_value": 1.0401652140628594
  },
  "BLEVEL": {
    "value": -0.04509232016011025,
    "std_error": 0.008415727702707036,
    "z_value": -5.358101135521017,
    "p_value": 8.410116140969321e-08,
    "conf_int_lower": -0.061586843361112045,
    "conf_int_upper": -0.02859779695910845,
    "exp_value": 0.9559092280663757
  },
  "FSum": {
    "value": -0.02533964546587515,
    "std_error": 0.002870050197619131,
    "z_value": -8.828990338529904,
    "p_value": 1.0562484494394178e-18,
    "conf_int_lower": -0.030964840487030708,
    "conf_int_upper": -0.01971445044471959,
    "exp_value": 0.9749787086879296
  },
  "FLEVEL": {
    "value": 0.026225097247145484,
    "std_error": 0.011938925487598532,
    "z_value": 2.1966044829064897,
    "p_value": 0.028048705791357747,
    "conf_int_lower": 0.0028252332773450566,
    "conf_int_upper": 0.049624961216945915,
    "exp_value": 1.0265720009992443
  },
  "PSum": {
    "value": 0.0009111106524343428,
    "std_error": 0.0015581694639566538,
    "z_value": 0.5847314258878896,
    "p_value": 0.5587283198255097,
    "conf_int_lower": -0.0021428453787307807,
    "conf_int_upper": 0.003965066683599467,
    "exp_value": 1.0009115258398291
  },
  "PLEVEL": {
    "value": 0.010314159715451531,
    "std_error": 0.010167080200876063,
    "z_value": 1.01446624907737,
    "p_value": 0.31036032634637234,
    "conf_int_lower": -0.00961295130619581,
    "conf_int_upper": 0.030241270737098872,
    "exp_value": 1.0103675340065918
  },
  "LOSRI": {
    "value": 0.10892398162889064,
    "std_error": 0.009952587044119927,
    "z_value": 10.944288268570718,
    "p_value": 7.07713637060858e-28,
    "conf_int_lower": 0.08941726946941563,
    "conf_int_upper": 0.12843069378836564,
    "exp_value": 1.1150775807381168
  },
  "OLEVEL": {
    "value": 1.329388432370673e-17,
    "std_error": 4.24223123712565e-18,
    "z_value": 3.133701012657218,
    "p_value": 0.001726166425650871,
    "conf_int_lower": 4.979263884849658e-18,
    "conf_int_upper": 2.1608504762563803e-17,
    "exp_value": 1.0
  },
  "Q26": {
    "value": 0.03391425835845068,
    "std_error": 0.008061171863245908,
    "z_value": 4.2071126796191125,
    "p_value": 2.5865419002547635e-05,
    "conf_int_lower": 0.01811465183330106,
    "conf_int_upper": 0.0497138648836003,
    "exp_value": 1.0344959035484478
  },
  "Q36": {
    "value": 0.1359582626757406,
    "std_error": 0.006210947178978034,
    "z_value": 21.890101261191457,
    "p_value": 3.227962775852353e-106,
    "conf_int_lower": 0.123785029895063,
    "conf_int_upper": 0.14813149545641818,
    "exp_value": 1.1456340768960482
  },
  "Q27": {
    "value": 0.016965373656160337,
    "std_error": 0.008046289617076341,
    "z_value": 2.1084716637784644,
    "p_value": 0.034990211302207,
    "conf_int_lower": 0.0011949357975121234,
    "conf_int_upper": 0.03273581151480855,
    "exp_value": 1.0171101029113383
  },
  "Q20": {
    "value": 0.1175053126917617,
    "std_error": 0.010317132673799323,
    "z_value": 11.389338143355475,
    "p_value": 4.7256552355944955e-30,
    "conf_int_lower": 0.0972841042273936,
    "conf_int_upper": 0.13772652115612982,
    "exp_value": 1.1246876050464347
  },
  "Q21": {
    "value": 0.06388626933182207,
    "std_error": 0.010207148307924619,
    "z_value": 6.25897335911364,
    "p_value": 3.87520058258694e-10,
    "conf_int_lower": 0.04388062626343086,
    "conf_int_upper": 0.08389191240021326,
    "exp_value": 1.0659711582551672
  },
  "Q23": {
    "value": 0.17001055564230239,
    "std_error": 0.01077374893974558,
    "z_value": 15.780074010738657,
    "p_value": 4.2668745680730065e-56,
    "conf_int_lower": 0.14889439574192445,
    "conf_int_upper": 0.19112671554268032,
    "exp_value": 1.18531736304043
  },
  "Q30": {
    "value": -0.042958465562505974,