{
  "Res_RH1": 194.6989043058828,
  "Res_ILSL": 191.43859172449027,
  "Res_RH3": 177.6611373783021,
  "Res_RH4": 158.10801915575453,
  "Res_RH2": 138.387339641322,
  "Live_RH1": 117.44717677523887,
  "Live_RH3": 99.64083987678133,
  "Live_RH2": 88.0625579016315,
  "Live_RH4": 85.2026637553521,
  "Age21_30": 36.690043149210105,
  "Age31Plus": 28.87464716705403,
  "Q36": 21.85150325783102,
  "Age": 17.91975130636881,
  "Live_ILSL": 17.799698934123118,
  "OLEVEL": 16.549612136291568,
  "Q23": 15.726565867029386,
  "Q18": 11.384064340730623,
  "Q20": 11.299793558903323,
  "LOSRI": 10.909398238134969,
  "Q28": 8.82115225394121,
  "FSum": 8.737609350797761,
  "BSum": 7.618304749679597,
  "Q21": 6.287706922793568,
  "BLEVEL": 5.336294338138795,
  "Q30": 5.085619778134075,
  "Q26": 4.162382041771794,
  "Q25": 3.819168479798072,
  "Q16": 3.4603958350197925,
  "County_Code": 3.1015190917715114,
  "FLEVEL": 2.1917752931797647,
  "Q27": 2.0826196767732514,
  "PLEVEL": 0.9882320641882686,
  "PSum": 0.6250827579119406
}