{
  "model_type": "GLM-Gamma",
  "distribution": "Gamma",
  "link_function": "Log",
  "converged": true,
  "iterations": 21,
  "dispersion": 0.9648642001602317,
  "deviance": 37808.710933796996,
  "null_deviance": 46954.991194116796,
  "deviance_r2": 0.19478824354386803,
  "mcfadden_r2": 0.013603256208870707,
  "aic": 631277.0752487702,
  "bic": -241243.22836458415,
  "num_parameters": 34,
  "feature_selection": true,
  "feature_importance": {
    "Res_RH1": 195.01833679260824,
    "Res_RH3": 186.7190974364642,
    "Res_RH2": 174.1044226002416,
    "Res_RH4": 172.44972132457337,
    "Live_RH1": 167.26154544112708,
    "Res_ILSL": 118.09279722381103,
    "Live_RH4": 76.32988267358267,
    "Live_RH3": 69.1182089134666,
    "Age21_30": 36.69360185480131,
    "Age31Plus": 28.893614894867206,
    "Q36": 21.890101261191457,
    "Age": 17.828281460391285,
    "Live_ILSL": 17.687376813039354,
    "Q23": 15.780074010738657,
    "Live_RH2": 14.649008639350571,
    "Q18": 11.3965588897212,
    "Q20": 11.389338143355475,
    "LOSRI": 10.944288268570718,
    "Q28": 8.865081896317243,
    "FSum": 8.828990338529904,
    "BSum": 7.545893588768818,
    "Q21": 6.25897335911364,
    "BLEVEL": 5.358101135521017,
    "Q30": 5.051561522264808,
    "Q26": 4.2071126796191125,
    "Q25": 3.770029819040731,
    "Q16": 3.573331768920454,
    "OLEVEL": 3.133701012657218,
    "FLEVEL": 2.1966044829064897,
    "Q27": 2.1084716637784644,
    "PLEVEL": 1.01446624907737,
    "PSum": 0.5847314258878896,
    "County_Code": 0.44364608520054555
  }
}