{
  "r2_train": 0.24086928661848428,
  "rmse_train": 39171.206116286216,
  "mae_train": 28826.298717486658,
  "mape_train": 88.77854365240256,
  "r2_test": 0.222255698296005,
  "rmse_test": 39386.31881126058,
  "mae_test": 28917.067210088884,
  "mape_test": 88.14748394372494,
  "within_1k": 2.194907813871817,
  "within_2k": 4.111793971319871,
  "within_5k": 10.125841381328652,
  "within_10k": 21.978343576236465,
  "within_20k": 46.85396546678373,
  "training_samples": 27339,
  "test_samples": 6834,
  "mean_prediction": 45023.34318956022,
  "std_prediction": 29457.379360810515,
  "mean_actual": 44216.18207345624,
  "std_actual": 44660.84882650188,
  "cv_mean": 0.23906261252187672,
  "cv_std": 0.01732836209681634,
  "dispersion": 0.9648642001602317,
  "deviance": 37808.710933796996,
  "null_deviance": 46954.991194116796,
  "deviance_r2": 0.19478824354386803,
  "mcfadden_r2": 0.013603256208870707,
  "aic": 631277.0752487702,
  "bic": -241243.22836458415,
  "num_parameters": 34,
  "converged": true
}