{
  "cv_mean": 0.4358788422260923,
  "cv_std": 0.020698015892683923,
  "within_1k": 3.1167690956979808,
  "within_2k": 6.4969271290605795,
  "within_5k": 16.62276851038923,
  "within_10k": 35.07462686567165,
  "within_20k": 61.64764413227978,
  "r2_train": 0.6050668290654879,
  "r2_test": 0.42522897768076673,
  "rmse_train": 22878.40643276188,
  "rmse_test": 33859.02166893858,
  "rmse_train_sqrt": 22878.40643276188,
  "rmse_test_sqrt": 33859.02166893858,
  "mae_train": 17723.78179959918,
  "mae_test": 22716.355560295513,
  "mape_train": 308.1649409969248,
  "mape_test": 375.5969876804377,
  "training_samples": 25136,
  "test_samples": 6834
}