{
  "cv_mean": 0.4431954153042013,
  "cv_std": 0.02177917413137042,
  "within_1k": 3.0582382206613987,
  "within_2k": 6.20427275387767,
  "within_5k": 15.964296166227685,
  "within_10k": 32.543166520339476,
  "within_20k": 58.165057067603165,
  "r2_train": 0.44690972020023223,
  "r2_test": 0.43858785791884924,
  "rmse_train": 33435.41174482748,
  "rmse_test": 33463.23117246704,
  "rmse_train_sqrt": 33435.41174482748,
  "rmse_test_sqrt": 33463.23117246704,
  "mae_train": 23576.228661201654,
  "mae_test": 23279.006541695526,
  "mape_train": 427.9166532522999,
  "mape_test": 445.8558666752795,
  "training_samples": 27339,
  "test_samples": 6834
}