{
  "r2_train": 0.2404923028403938,
  "rmse_train": 39180.93110577728,
  "mae_train": 28818.918604758826,
  "mape_train": 88.74751985706379,
  "r2_test": 0.2211861366325154,
  "rmse_test": 39413.39173450027,
  "mae_test": 28925.265800060184,
  "mape_test": 88.10653745683938,
  "within_1k": 2.2241732513901082,
  "within_2k": 4.155692127597307,
  "within_5k": 10.140474100087795,
  "within_10k": 22.22709979514194,
  "within_20k": 46.69300556043313,
  "training_samples": 27339,
  "test_samples": 6834,
  "mean_prediction": 45030.427890624065,
  "std_prediction": 29491.29385864657,
  "mean_actual": 44216.18207345624,
  "std_actual": 44660.84882650188,
  "dispersion": 0.9645817405498635,
  "deviance": 37800.629770665495,
  "null_deviance": 46954.991194116796,
  "deviance_r2": 0.1949603479980695,
  "mcfadden_r2": 0.013612796853923026,
  "aic": 631270.9698630909,
  "bic": -241251.30952771567,
  "num_parameters": 34,
  "converged": true
}