{
  "const": {
    "value": 8.663606202387307,
    "std_error": 0.042887275353575435,
    "z_value": 202.00878071553774,
    "p_value": 0.0,
    "conf_int_lower": 8.579548687299246,
    "conf_int_upper": 8.747663717475367,
    "exp_value": 5788.371107409356
  },
  "Live_ILSL": {
    "value": 0.6017586082860066,
    "std_error": 0.16794184789328687,
    "z_value": 3.583136757363622,
    "p_value": 0.0003394927502750898,
    "conf_int_lower": 0.27259863491806036,
    "conf_int_upper": 0.9309185816539528,
    "exp_value": 1.8253260128996311
  },
  "Live_RH4": {
    "value": -1.5746805884797363e-15,
    "std_error": 5.284100687637403e-16,
    "z_value": -2.9800351688298328,
    "p_value": 0.0028821529163197634,
    "conf_int_lower": -2.6103452923250006e-15,
    "conf_int_upper": -5.39015884634472e-16,
    "exp_value": 0.9999999999999984
  },
  "Age_Age21_30": {
    "value": 0.7106101255724462,
    "std_error": 0.027663866103854018,
    "z_value": 25.68730353540306,
    "p_value": 1.6205393122028724e-145,
    "conf_int_lower": 0.6563899443357539,
    "conf_int_upper": 0.7648303068091384,
    "exp_value": 2.0352326273846804
  },
  "Age_Age31Plus": {
    "value": 0.7916623252315133,
    "std_error": 0.027248363845194253,
    "z_value": 29.053572894474446,
    "p_value": 1.386911351975701e-185,
    "conf_int_lower": 0.7382565134572892,
    "conf_int_upper": 0.8450681370057374,
    "exp_value": 2.207062233768337
  },
  "Q14": {
    "value": -0.033817729272252545,
    "std_error": 0.006798975800535929,
    "z_value": -4.973944644660578,
    "p_value": 6.560404949172946e-07,
    "conf_int_lower": -0.04714347697306235,
    "conf_int_upper": -0.02049198157144274,
    "exp_value": 0.9667476983860704
  },
  "Q15": {
    "value": -0.036759922056354644,
    "std_error": 0.008659629287542672,
    "z_value": -4.244976411315402,
    "p_value": 2.1861641781909242e-05,
    "conf_int_lower": -0.05373248357940653,
    "conf_int_upper": -0.01978736053330276,
    "exp_value": 0.9639075205080934
  },
  "Q16": {
    "value": 0.018206310571564126,
    "std_error": 0.007071671835367528,
    "z_value": 2.574541211104985,
    "p_value": 0.010037312827159906,
    "conf_int_lower": 0.0043460884637575095,
    "conf_int_upper": 0.03206653267937074,
    "exp_value": 1.0183730558454593
  },
  "Q18": {
    "value": 0.05478497837238871,
    "std_error": 0.009858460395064687,
    "z_value": 5.557153569315448,
    "p_value": 2.7420949356770855e-08,
    "conf_int_lower": 0.03546275105504741,
    "conf_int_upper": 0.07410720568973,
    "exp_value": 1.056313460015347
  },
  "Q20": {
    "value": 0.03894188264105545,
    "std_error": 0.010952065323607185,
    "z_value": 3.555665665827996,
    "p_value": 0.0003770232823120638,
    "conf_int_lower": 0.017476229050455355,
    "conf_int_upper": 0.06040753623165554,
    "exp_value": 1.0397100566916841
  },
  "Q21": {
    "value": -0.038225419245257145,
    "std_error": 0.009900628763168811,
    "z_value": -3.8609082473083918,
    "p_value": 0.00011296632166050227,
    "conf_int_lower": -0.05763029504536936,
    "conf_int_upper": -0.018820543445144933,
    "exp_value": 0.9624959513243956
  },
  "Q22": {
    "value": -0.040539586437095786,
    "std_error": 0.006765893655414209,
    "z_value": -5.991756374216015,
    "p_value": 2.075867483293054e-09,
    "conf_int_lower": -0.053800494324935694,
    "conf_int_upper": -0.02727867854925588,
    "exp_value": 0.9602711500455131
  },
  "Q23": {
    "value": 0.11554918322990823,
    "std_error": 0.012069260734420635,
    "z_value": 9.573840997599012,
    "p_value": 1.0300609939955416e-21,
    "conf_int_lower": 0.09189386687042034,
    "conf_int_upper": 0.13920449958939612,
    "exp_value": 1.1224897208606666
  },
  "Q24": {
    "value": -0.05571310445024928,
    "std_error": 0.007877302884720758,
    "z_value": -7.07261168772797,
    "p_value": 1.5204451917600618e-12,
    "conf_int_lower": -0.07115233439961544,
    "conf_int_upper": -0.04027387450088312,
    "exp_value": 0.945810445777537
  },
  "Q25": {
    "value": -0.02089033667857319,
    "std_error": 0.005185098995681173,
    "z_value": -4.0289176148755095,
    "p_value": 5.603424942380803e-05,
    "conf_int_lower": -0.031052943966383095,
    "conf_int_upper": -0.010727729390763285,
    "exp_value": 0.9793263548617989
  },
  "Q26": {
    "value": 0.04287184205066768,
    "std_error": 0.005058192192152964,
    "z_value": 8.475724215694491,
    "p_value": 2.3362159728208226e-17,
    "conf_int_lower": 0.03295796752716616,
    "conf_int_upper": 0.052785716574169195,
    "exp_value": 1.04380411448347
  },
  "Q28": {
    "value": 0.049750561979179216,
    "std_error": 0.00543466539967516,
    "z_value": 9.154300830029554,
    "p_value": 5.471093516915512e-20,
    "conf_int_lower": 0.03909881352778992,
    "conf_int_upper": 0.06040231043056851,
    "exp_value": 1.0510089020963684
  },
  "Q30": {
    "value": -0.026775771149496076,
    "std_error": 0.005326350335814945,
    "z_value": -5.027039053261846,
    "p_value": 4.981109423930825e-07,
    "conf_int_lower": -0.03721522597673619,
    "conf_int_upper": -0.01633631632225596,
    "exp_value": 0.9735795216680871
  },
  "Q31": {
    "value": 1.6442406739718519e-15,
    "std_error": 3.7583595764227353e-16,
    "z_value": 4.374889205084697,
    "p_value": 1.2149417056657164e-05,
    "conf_int_lower": 9.076157328978745e-16,
    "conf_int_upper": 2.3808656150458292e-15,
    "exp_value": 1.0000000000000016
  },
  "Q33": {
    "value": 0.0423378954389364,
    "std_error": 0.011037961967082552,
    "z_value": 3.835662377275499,
    "p_value": 0.00012522633807924313,
    "conf_int_lower": 0.020703887520731712,
    "conf_int_upper": 0.06397190335714109,
    "exp_value": 1.0432469275804976
  },
  "Q34": {
    "value": 0.0441934046449321,
    "std_error": 0.01183077519849976,
    "z_value": 3.7354614472377254,
    "p_value": 0.00018737128495688855,
    "conf_int_lower": 0.02100551134668286,
    "conf_int_upper": 0.06738129794318135,
    "exp_value": 1.0451844788749802
  },
  "Q35": {
    "value": -0.04658960912042712,
    "std_error": 0.00901364151984213,
    "z_value": -5.1687887761974265,
    "p_value": 2.3561600631852847e-07,
    "conf_int_lower": -0.06425602186887257,
    "conf_int_upper": -0.028923196371981666,
    "exp_value": 0.954479026711671
  },
  "BSum": {
    "value": 0.04219053749389348,
    "std_error": 0.0011611912096655254,
    "z_value": 36.33384161256804,
    "p_value": 4.729274057894411e-289,
    "conf_int_lower": 0.03991464454378455,
    "conf_int_upper": 0.04446643044400241,
    "exp_value": 1.0430932081832425
  },
  "FSum": {
    "value": 0.024028184066134214,
    "std_error": 0.001207943241444893,
    "z_value": 19.891815477515873,
    "p_value": 4.790886538621612e-88,
    "conf_int_lower": 0.02166065881753365,
    "conf_int_upper": 0.026395709314734776,
    "exp_value": 1.0243191869635035
  },
  "ILSL_Age21_30": {
    "value": -0.5301159005445887,
    "std_error": 0.16498055006510087,
    "z_value": -3.2132024068013254,
    "p_value": 0.001312637488562696,
    "conf_int_lower": -0.8534718368217937,
    "conf_int_upper": -0.2067599642673837,
    "exp_value": 0.5885367539950157
  },
  "ILSL_Age31Plus": {
    "value": -0.6284166619955311,
    "std_error": 0.16177617257161686,
    "z_value": -3.8844821954069704,
    "p_value": 0.0001025482069489723,
    "conf_int_lower": -0.9454921337926367,
    "conf_int_upper": -0.31134119019842554,
    "exp_value": 0.5334357417917486
  }
}