{
  "living_FH": {
    "n": 5941,
    "r2": 0.2359057391197601,
    "rmse": 39574.603547616476,
    "bias": 206.71059026914804
  },
  "living_ILSL": {
    "n": 893,
    "r2": 0.10629062986270887,
    "rmse": 38110.014410505166,
    "bias": 4801.871725269318
  },
  "living_RHOneToFour": {
    "n": 0,
    "r2": 0,
    "rmse": 0,
    "bias": 0
  },
  "age_AgeUnderTwentyOne": {
    "n": 694,
    "r2": 0.18276982216729398,
    "rmse": 33729.46530700263,
    "bias": -1883.7362099522381
  },
  "age_AgeTwentyOneToThirty": {
    "n": 1797,
    "r2": 0.188034184709022,
    "rmse": 44026.80107171752,
    "bias": 2109.0452715242604
  },
  "age_AgeThirtyOnePlus": {
    "n": 4343,
    "r2": 0.20563464140815846,
    "rmse": 38173.479429268256,
    "bias": 698.4797707189191
  },
  "cost_QOneLow": {
    "n": 1709,
    "r2": -10.0,
    "rmse": 38388.807956692195,
    "bias": 31682.772599954023
  },
  "cost_QTwo": {
    "n": 1708,
    "r2": -9.545873462076168,
    "rmse": 25060.970572261034,
    "bias": 15854.375760142044
  },
  "cost_QThree": {
    "n": 1708,
    "r2": -3.680187204356354,
    "rmse": 25250.034336249704,
    "bias": -7618.850596020234
  },
  "cost_QFourHigh": {
    "n": 1709,
    "r2": -1.6995874710358168,
    "rmse": 58862.01249232525,
    "bias": -36685.77898548097
  }
}