{
  "LivingSetting_FH": {
    "n": 5941,
    "r2": 0.2347258491378904,
    "rmse": 39605.146681385326,
    "bias": 220.98110479328562
  },
  "LivingSetting_ILSL": {
    "n": 893,
    "r2": 0.10614486657423716,
    "rmse": 38113.12214033466,
    "bias": 4761.150247422141
  },
  "LivingSetting_RH1": {
    "n": 0,
    "r2": 0,
    "rmse": 0,
    "bias": 0
  },
  "LivingSetting_RH2": {
    "n": 0,
    "r2": 0,
    "rmse": 0,
    "bias": 0
  },
  "LivingSetting_RH3": {
    "n": 0,
    "r2": 0,
    "rmse": 0,
    "bias": 0
  },
  "LivingSetting_RH4": {
    "n": 0,
    "r2": 0,
    "rmse": 0,
    "bias": 0
  },
  "AgeGroup_Age3_20": {
    "n": 694,
    "r2": 0.1823633071951627,
    "rmse": 33737.85329138727,
    "bias": -1837.4409553986104
  },
  "AgeGroup_Age21_30": {
    "n": 1797,
    "r2": 0.18702236304019682,
    "rmse": 44054.22427175882,
    "bias": 2110.672604820495
  },
  "AgeGroup_Age31Plus": {
    "n": 4343,
    "r2": 0.20439880067937533,
    "rmse": 38203.16224816133,
    "bias": 701.5568194126382
  },
  "cost_Q1_Low": {
    "n": 1709,
    "r2": -2729.757330262199,
    "rmse": 38454.35879220924,
    "bias": 31704.82175570675
  },
  "cost_Q2": {
    "n": 1708,
    "r2": -9.560579693328354,
    "rmse": 25078.438259161987,
    "bias": 15837.266872575376
  },
  "cost_Q3": {
    "n": 1708,
    "r2": -3.6952229211913465,
    "rmse": 25290.561340600154,
    "bias": -7606.369765193468
  },
  "cost_Q4_High": {
    "n": 1709,
    "r2": -1.7000326495153009,
    "rmse": 58866.86564512856,
    "bias": -36674.872279336596
  }
}