{
  "r2_train": 0.18963959346382564,
  "rmse_train": 36747.58027774565,
  "mae_train": 26525.962141038388,
  "mape_train": 98.94439516238579,
  "r2_test": 0.19041786714654518,
  "rmse_test": 36880.09377744829,
  "mae_test": 26574.70347990602,
  "mape_test": 99.6883267494369,
  "within_1k": 2.696479738027016,
  "within_2k": 5.290626279164961,
  "within_5k": 12.883749488334015,
  "within_10k": 25.399099467867376,
  "within_20k": 49.20180106426525,
  "training_samples": 156356,
  "test_samples": 39088,
  "mean_prediction": 29672.131170048488,
  "std_prediction": 17593.70498532302,
  "mean_actual": 34531.33971602538,
  "std_actual": 40988.456011183815,
  "cv_mean": 0.18936810601291623,
  "cv_std": 0.004435848449537094,
  "mean_weight": 0.9400522115014913,
  "min_weight": 0.11917729607778461,
  "max_weight": 1.0,
  "full_weight_pct": 80.61411138683518,
  "outliers_detected": 30311,
  "outlier_percentage": 19.385888613164827,
  "converged": "No",
  "num_iterations": 100,
  "scale_estimate": 29340.452254023527,
  "epsilon": 1.35,
  "num_parameters": 23
}