{
  "cv_mean": 0.46891292621596625,
  "cv_std": 0.017341112304755303,
  "within_1k": 5.326309628328944,
  "within_2k": 9.174714661984197,
  "within_5k": 19.57857769973661,
  "within_10k": 35.68920105355575,
  "within_20k": 63.56453028972783,
  "r2_train": 0.47031162193662945,
  "r2_test": 0.45340855392932655,
  "rmse_train": 32720.42113954493,
  "rmse_test": 33018.57973069274,
  "rmse_train_sqrt": 32742.97715404928,
  "rmse_test_sqrt": 33037.677482285384,
  "mae_train": 21853.81602905531,
  "mae_test": 21819.72201416841,
  "mape_train": 369.13612596033636,
  "mape_test": 377.52712072857787,
  "training_samples": 27339,
  "test_samples": 6834
}