{
  "cv_mean": 0.4506693834078068,
  "cv_std": 0.019204819294602056,
  "within_1k": 4.755633596722271,
  "within_2k": 9.262510974539069,
  "within_5k": 21.788118232367573,
  "within_10k": 38.937664618086046,
  "within_20k": 65.17412935323384,
  "r2_train": 0.45243099557216426,
  "r2_test": 0.43466974688321314,
  "rmse_train": 33268.107103866096,
  "rmse_test": 33579.79855728804,
  "rmse_train_sqrt": 78.34634703556951,
  "rmse_test_sqrt": 79.02576065495879,
  "mae_train": 21677.58276428766,
  "mae_test": 21632.877929889008,
  "mape_train": 293.79611781592445,
  "mape_test": 300.62263471524597,
  "training_samples": 27339,
  "test_samples": 6834
}