{
  "cv_mean": 0.44678472747240683,
  "cv_std": 0.017140978349968486,
  "within_1k": 4.009364940005853,
  "within_2k": 8.750365817968978,
  "within_5k": 21.436932982148083,
  "within_10k": 39.11325724319579,
  "within_20k": 65.18876207199298,
  "r2_train": 0.44759072995074134,
  "r2_test": 0.43174646865763266,
  "rmse_train": 33414.82120510815,
  "rmse_test": 33666.505859814606,
  "rmse_train_sqrt": 78.84169109259936,
  "rmse_test_sqrt": 79.50262480474267,
  "mae_train": 21790.507321419114,
  "mae_test": 21781.593329854204,
  "mape_train": 295.284710393113,
  "mape_test": 304.22055179711055,
  "training_samples": 27339,
  "test_samples": 6834
}