{
  "living_FH": {
    "n": 33869,
    "r2": 0.19504818943505997,
    "rmse": 37313.9027825585,
    "bias": -5025.801098096606
  },
  "living_ILSL": {
    "n": 5219,
    "r2": 0.15213871388458244,
    "rmse": 33930.34435910939,
    "bias": -3778.096618837102
  },
  "living_RHOneToFour": {
    "n": 0,
    "r2": 0,
    "rmse": 0,
    "bias": 0
  },
  "age_AgeUnderTwentyOne": {
    "n": 4032,
    "r2": 0.10893508025058396,
    "rmse": 32234.150970373372,
    "bias": -4689.319594860282
  },
  "age_AgeTwentyOneToThirty": {
    "n": 11248,
    "r2": 0.14293005080043786,
    "rmse": 41072.35631481868,
    "bias": -6889.118765745617
  },
  "age_AgeThirtyOnePlus": {
    "n": 23808,
    "r2": 0.20383718926354788,
    "rmse": 35498.27064642889,
    "bias": -3928.9566180091324
  },
  "cost_QOneLow": {
    "n": 10021,
    "r2": -10.0,
    "rmse": 25693.199954938053,
    "bias": 20471.88446255436
  },
  "cost_QTwo": {
    "n": 9523,
    "r2": -10.0,
    "rmse": 23613.229468360314,
    "bias": 17358.73637127687
  },
  "cost_QThree": {
    "n": 9772,
    "r2": -1.1942527655639985,
    "rmse": 18603.667507968647,
    "bias": -6606.4538909284
  },
  "cost_QFourHigh": {
    "n": 9772,
    "r2": -2.017158776196961,
    "rmse": 62242.5133624468,
    "bias": -50740.327147556214
  }
}