{
  "living_FH": {
    "n": 5941,
    "r2": 0.22221328023768605,
    "rmse": 39927.61468475456,
    "bias": -7487.042207871013
  },
  "living_ILSL": {
    "n": 893,
    "r2": 0.17913763887425693,
    "rmse": 36523.81451505191,
    "bias": -3271.84527584275
  },
  "living_RHOneToFour": {
    "n": 0,
    "r2": 0,
    "rmse": 0,
    "bias": 0
  },
  "age_AgeUnderTwentyOne": {
    "n": 694,
    "r2": 0.137579486346872,
    "rmse": 34649.48611498461,
    "bias": -8152.210631062345
  },
  "age_AgeTwentyOneToThirty": {
    "n": 1797,
    "r2": 0.16110830086937244,
    "rmse": 44750.841599566236,
    "bias": -7785.298558613492
  },
  "age_AgeThirtyOnePlus": {
    "n": 4343,
    "r2": 0.21795427853681293,
    "rmse": 37876.31070986549,
    "bias": -6390.619364610535
  },
  "cost_QOneLow": {
    "n": 1709,
    "r2": -10.0,
    "rmse": 31271.730271616714,
    "bias": 24161.717655516302
  },
  "cost_QTwo": {
    "n": 1708,
    "r2": -6.02948349379572,
    "rmse": 20460.597699514867,
    "bias": 9755.2139665004
  },
  "cost_QThree": {
    "n": 1708,
    "r2": -4.116774878273546,
    "rmse": 26401.49474125959,
    "bias": -13738.998663804929
  },
  "cost_QFourHigh": {
    "n": 1709,
    "r2": -2.23045882790214,
    "rmse": 64390.012555407746,
    "bias": -47917.11339881246
  }
}