{
  "cv_mean": 0.4454385923819301,
  "cv_std": 0.017276252334832657,
  "within_1k": 4.038630377524144,
  "within_2k": 8.750365817968978,
  "within_5k": 21.48083113842552,
  "within_10k": 39.376646180860405,
  "within_20k": 65.15949663447469,
  "r2_train": 0.6851833184605355,
  "r2_test": 0.42998366138890476,
  "rmse_train": 22374.870610009275,
  "rmse_test": 33718.684687552006,
  "rmse_train_sqrt": 59.821752358215036,
  "rmse_test_sqrt": 79.71164290656967,
  "mae_train": 16447.766331717907,
  "mae_test": 21798.58940280372,
  "mape_train": 190.08304511095525,
  "mape_test": 302.16938630942894,
  "training_samples": 24921,
  "test_samples": 6834,
  "model_5b_r2_2015": 0.7998,
  "model_5b_sbc_2015": 159394.3,
  "model_5b_rmse_2015": 30.82,
  "model_5b_outlier_pct_2015": 9.4,
  "r2_delta_from_2015": -0.3698163386110952,
  "sbc": 186653.3451138885,
  "sbc_delta_from_2015": 27259.04511388851
}