{
  "cv_mean": 0.4540614365523269,
  "cv_std": 0.016429215990916745,
  "within_1k": 3.965466783728417,
  "within_2k": 7.960199004975125,
  "within_5k": 19.97366110623354,
  "within_10k": 37.53292361720808,
  "within_20k": 63.37430494585894,
  "r2_train": 0.4550504911335378,
  "r2_test": 0.4407518113456572,
  "rmse_train": 33188.43665916163,
  "rmse_test": 33398.67718290825,
  "rmse_train_sqrt": 78.67970362068174,
  "rmse_test_sqrt": 79.36581427000066,
  "mae_train": 21963.60481437369,
  "mae_test": 21933.699123997423,
  "mape_train": 334.3772506852852,
  "mape_test": 344.55290044101986,
  "training_samples": 27339,
  "test_samples": 6834,
  "model_5b_r2_2015": 0.7998,
  "model_5b_sbc_2015": 159394.3,
  "model_5b_rmse_2015": 30.82,
  "model_5b_outlier_pct_2015": 9.4,
  "r2_delta_from_2015": -0.35904818865434274,
  "sbc": 238915.28695077673,
  "sbc_delta_from_2015": 79520.98695077674
}