{
  "cv_mean": 0.4738432385990496,
  "cv_std": 0.014157321833671275,
  "within_1k": 4.682470002926544,
  "within_2k": 8.413813286508633,
  "within_5k": 18.832309043020192,
  "within_10k": 33.99180567749488,
  "within_20k": 61.64764413227978,
  "r2_train": 0.6724585129186684,
  "r2_test": 0.4578778302157269,
  "rmse_train": 20951.716268114757,
  "rmse_test": 32883.31229221015,
  "rmse_train_sqrt": 20969.358831675738,
  "rmse_test_sqrt": 32892.743773318856,
  "mae_train": 16567.591087832858,
  "mae_test": 22043.116046924213,
  "mape_train": 314.6852495179393,
  "mape_test": 393.8978401016394,
  "training_samples": 25130,
  "test_samples": 6834,
  "model_5b_r2_2015": 0.7998,
  "model_5b_sbc_2015": 159394.3,
  "model_5b_rmse_2015": 30.82,
  "model_5b_outlier_pct_2015": 9.4,
  "r2_delta_from_2015": -0.34192216978427303,
  "sbc": 458495.18823271646,
  "sbc_delta_from_2015": 299100.8882327165
}