{
  "cv_mean": 0.4772693513167793,
  "cv_std": 0.0152976263697063,
  "r2_train": 0.478402931782112,
  "rmse_train": 32469.547294083375,
  "mae_train": 22761.301248974898,
  "mape_train": 449.7404132211858,
  "r2_test": 0.46269136174933156,
  "rmse_test": 32737.000452397628,
  "mae_test": 22775.445403194088,
  "mape_test": 469.9586779234484,
  "training_samples": 27339,
  "test_samples": 6834,
  "within_1k": 4.56540825285338,
  "within_2k": 7.769973661106233,
  "within_5k": 17.72022241732514,
  "within_10k": 32.86508633304068,
  "within_20k": 58.32601697395376,
  "model_5b_r2_2015": 0.7998,
  "model_5b_sbc_2015": 159394.3,
  "model_5b_rmse_2015": 30.82,
  "model_5b_outlier_pct_2015": 9.4,
  "r2_delta_from_2015": -0.3371086382506684,
  "sbc": 568291.5916142723,
  "sbc_delta_from_2015": 408897.29161427234
}