{
  "r2_train": 0.23825989867363662,
  "rmse_train": 39238.47067747626,
  "mae_train": 27830.74038130656,
  "mape_train": 85.22624975422173,
  "r2_test": 0.2177792892590985,
  "rmse_test": 39499.502738013034,
  "mae_test": 27912.131288974088,
  "mape_test": 84.75942242661272,
  "within_1k": 2.4290313140181445,
  "within_2k": 4.945858940591162,
  "within_5k": 15.803336259877085,
  "within_10k": 28.53380158033363,
  "within_20k": 49.48785484342991,
  "training_samples": 27339,
  "test_samples": 6834,
  "mean_prediction": 37279.94040118682,
  "std_prediction": 25807.631234938715,
  "mean_actual": 44216.18207345624,
  "std_actual": 44660.84882650188,
  "cv_mean": 0.23719706974397026,
  "cv_std": 0.019632458867283785,
  "n_outliers_removed": 2570,
  "outlier_percentage": 9.4,
  "n_features": 26,
  "transformation": "square_root",
  "prediction_floor": 5000
}