{
  "dispersion": 0.9566388272517972,
  "deviance": 31867.184701199905,
  "null_deviance": 46954.991194116796,
  "deviance_r2": 0.321324871099269,
  "mcfadden_r2": 0.02320247036782508,
  "aic": 625130.2091912616,
  "bic": -247205.1867362476,
  "log_likelihood": -312543.1045956308,
  "num_parameters": 22,
  "features_used": [
    "ILSL",
    "RH1",
    "RH2",
    "RH3",
    "RH4",
    "Age21_30",
    "Age31Plus",
    "BSum",
    "FHFSum",
    "SLFSum",
    "SLBSum",
    "Q16",
    "Q18",
    "Q20",
    "Q21",
    "Q23",
    "Q28",
    "Q33",
    "Q34",
    "Q36",
    "Q43"
  ]
}