{
  "timestamp": "2025-10-15T16:59:29.429718",
  "scenario": "Consensus_FeatureSelection_Optimal",
  "description": "Optimal feature set based on Feature Selection analysis with MI rankings. Uses 7 QSI items (Q19, Q21, Q26, Q27, Q30, Q36, Q44), all support levels, summary scores, living settings, age groups, and county effects.",
  "configuration": "Orchestrator.json",
  "total_models": 7,
  "successful_models": 7,
  "failed_models": 0,
  "best_model": {
    "id": 9,
    "name": "Random Forest",
    "r2_test": 0.6411774315867073,
    "rmse_test": 24727.14875533548
  },
  "all_results": {
    "1": {
      "model_id": 1,
      "model_name": "OLS Linear Regression",
      "r2_train": 0.6851833184605355,
      "r2_test": 0.42998366138890476,
      "rmse_train": 22374.870610009275,
      "rmse_test": 33718.684687552006,
      "mae_train": 16447.766331717907,
      "mae_test": 21798.58940280372,
      "mape_train": 190.08304511095525,
      "mape_test": 302.16938630942894,
      "cv_mean": 0.4454385923819301,
      "cv_std": 0.017276252334832657,
      "n_features": 21,
      "n_train": 27339,
      "n_test": 6834,
      "success": true,
      "error": null
    },
    "2": {
      "model_id": 2,
      "model_name": "GLM Gamma",
      "r2_train": 0.44690972020023223,
      "r2_test": 0.43858785791884924,
      "rmse_train": 33435.41174482748,
      "rmse_test": 33463.23117246704,
      "mae_train": 23576.228661201654,
      "mae_test": 23279.006541695526,
      "mape_train": 427.9166532522999,
      "mape_test": 445.8558666752795,
      "cv_mean": 0.4431954153042013,
      "cv_std": 0.02177917413137042,
      "n_features": 57,
      "n_train": 27339,
      "n_test": 6834,
      "success": true,
      "error": null
    },
    "3": {
      "model_id": 3,
      "model_name": "Robust Regression",
      "r2_train": 0.47031162193662945,
      "r2_test": 0.45340855392932655,
      "rmse_train": 32720.42113954493,
      "rmse_test": 33018.57973069274,
      "mae_train": 21853.81602905531,
      "mae_test": 21819.72201416841,
      "mape_train": 369.13612596033636,
      "mape_test": 377.52712072857787,
      "cv_mean": 0.46891292621596625,
      "cv_std": 0.017341112304755303,
      "n_features": 57,
      "n_train": 27339,
      "n_test": 6834,
      "success": true,
      "error": null
    },
    "4": {
      "model_id": 4,
      "model_name": "Weighted Least Squares",
      "r2_train": 0.4902926225444435,
      "r2_test": 0.4746034001264564,
      "rmse_train": 32097.345900425018,
      "rmse_test": 32372.079777232884,
      "mae_train": 22557.72071378858,
      "mae_test": 22538.488613483143,
      "mape_train": 472.6913534838838,
      "mape_test": 484.5645432345816,
      "cv_mean": 0.488330335828507,
      "cv_std": 0.015079927265116635,
      "n_features": 57,
      "n_train": 27339,
      "n_test": 6834,
      "success": true,
      "error": null
    },
    "5": {
      "model_id": 5,
      "model_name": "Ridge Regression",
      "r2_train": 0.4940441631817347,
      "r2_test": 0.4772382937464361,
      "rmse_train": 31979.00654510123,
      "rmse_test": 32290.803844160175,
      "mae_train": 22498.985745693913,
      "mae_test": 22479.379373253378,
      "mape_train": 461.85028760583685,
      "mape_test": 473.9900484952263,
      "cv_mean": 0.4918098004787872,
      "cv_std": 0.016425956275203005,
      "n_features": 57,
      "n_train": 27339,
      "n_test": 6834,
      "success": true,
      "error": null
    },
    "6": {
      "model_id": 6,
      "model_name": "Log-Normal GLM",
      "r2_train": -0.36256967043976496,
      "r2_test": -0.35167130429714955,
      "rmse_train": 52479.29855300063,
      "rmse_test": 51923.32793049511,
      "mae_train": 35825.08934094436,
      "mae_test": 35373.73102946468,
      "mape_train": 405.1384371291154,
      "mape_test": 423.849902729222,
      "cv_mean": -0.3703539713942126,
      "cv_std": 0.07540198210740329,
      "n_features": 57,
      "n_train": 27339,
      "n_test": 6834,
      "success": true,
      "error": null
    },
    "9": {
      "model_id": 9,
      "model_name": "Random Forest",
      "r2_train": 0.732178260527836,
      "r2_test": 0.6411774315867073,
      "rmse_train": 21641.56951350698,
      "rmse_test": 24727.14875533548,
      "mae_train": 15413.479771441394,
      "mae_test": 17381.672829177183,
      "mape_train": 354.0253530915435,
      "mape_test": 398.5038144719676,
      "cv_mean": 0.6324070838254767,
      "cv_std": 0.002824867665469446,
      "n_features": 57,
      "n_train": 79572,
      "n_test": 19893,
      "success": true,
      "error": null
    }
  }
}