{
  "cv_mean": 0.4918098004787872,
  "cv_std": 0.016425956275203005,
  "within_1k": 4.653204565408252,
  "within_2k": 8.311384255194614,
  "within_5k": 17.925080479953177,
  "within_10k": 32.95288264559555,
  "within_20k": 58.077260755048286,
  "r2_train": 0.4940441631817347,
  "r2_test": 0.4772382937464361,
  "rmse_train": 31979.00654510123,
  "rmse_test": 32290.803844160175,
  "rmse_train_sqrt": 32031.4594319216,
  "rmse_test_sqrt": 32336.375643794414,
  "mae_train": 22498.985745693913,
  "mae_test": 22479.379373253378,
  "mape_train": 461.85028760583685,
  "mape_test": 473.9900484952263,
  "training_samples": 27339,
  "test_samples": 6834
}