{
  "r2_train": 0.20993097082538015,
  "r2_test": 0.20703774290126808,
  "rmse_train": 37491.36831989862,
  "rmse_test": 37977.11878501357,
  "mae_train": 27358.84819871993,
  "mae_test": 27669.60526322882,
  "mape_train": 140.064859571784,
  "mape_test": 141.82166055360557,
  "training_samples": 96109,
  "test_samples": 24027,
  "within_1k": 2.2183377034169895,
  "within_2k": 4.5865068464643945,
  "within_5k": 11.45794314729263,
  "within_10k": 24.035460107379198,
  "within_20k": 48.58284430016232,
  "cv_r2_mean": 0.24273485068960646,
  "cv_r2_std": 0.011076664511904281,
  "alpha": 53.366992312063125,
  "condition_number": Infinity,
  "effective_df": 15.972196701134791,
  "shrinkage_factor": 0.9968829164253125,
  "num_features": 22,
  "num_non_zero_coef": 16.0,
  "max_vif": 69.89219028924967,
  "mean_vif": NaN,
  "regularization_strength": "very strong",
  "scores": [
    0.24959014051460804,
    0.2275214363339766,
    0.2302966215116543,
    0.2414676379163041,
    0.26470115610672473,
    0.24239132703874056,
    0.23855457553120918,
    0.24678320875744575,
    0.23128446142444525,
    0.254757941760956
  ],
  "alpha_values": [
    null,
    null,
    null,
    null,
    null,
    null,
    null,
    null,
    null,
    null
  ]
}