{
  "cv_mean": 0.46201898912133404,
  "cv_std": 0.015847422884430577,
  "within_1k": 3.497219783435762,
  "within_2k": 7.9016681299385425,
  "within_5k": 20.70529704419081,
  "within_10k": 36.830553116769096,
  "within_20k": 63.40357038337723,
  "r2_train": 0.46295065106371924,
  "r2_test": 0.447448693528009,
  "rmse_train": 32946.99120056854,
  "rmse_test": 33198.10376874687,
  "rmse_train_sqrt": 78.17566083027293,
  "rmse_test_sqrt": 78.91684950278956,
  "mae_train": 21895.111645939982,
  "mae_test": 21903.55460932682,
  "mape_train": 330.6230604435434,
  "mape_test": 341.7201509760292,
  "training_samples": 27339,
  "test_samples": 6834
}