{
  "r2_train": 0.2828406121153966,
  "rmse_train": 38072.94808424039,
  "mae_train": 28439.25246595582,
  "mape_train": 88.09896005035789,
  "r2_test": 0.274213701394702,
  "rmse_test": 38047.95819002889,
  "mae_test": 28287.50594678411,
  "mape_test": 87.302213932084,
  "within_1k": 3.306994439566872,
  "within_2k": 5.823822066139889,
  "within_5k": 12.730465320456542,
  "within_10k": 23.997658764998537,
  "within_20k": 45.55165349721978,
  "training_samples": 27339,
  "test_samples": 6834,
  "mean_prediction": 44319.04927461517,
  "std_prediction": 23135.30835886838,
  "mean_actual": 44216.18207345624,
  "std_actual": 44660.84882650188,
  "cv_r2_mean": 0.2814613629573973,
  "cv_r2_std": 0.0154496551895279,
  "cv_mean": 0.2814613629573973,
  "cv_std": 0.0154496551895279
}