{
  "living_FH": {
    "n": 5941,
    "r2": 0.27103017251204764,
    "rmse": 38654.30601306356,
    "bias": 78.72136497369043
  },
  "living_ILSL": {
    "n": 893,
    "r2": 0.2995940765947914,
    "rmse": 33737.73032507409,
    "bias": 263.5059612669349
  },
  "living_RHOneToFour": {
    "n": 0,
    "r2": 0,
    "rmse": 0,
    "bias": 0
  },
  "age_AgeUnderTwentyOne": {
    "n": 694,
    "r2": 0.18475960997240337,
    "rmse": 33688.37811830833,
    "bias": 1972.3641632819858
  },
  "age_AgeTwentyOneToThirty": {
    "n": 1797,
    "r2": 0.20571636847530872,
    "rmse": 43544.77642603311,
    "bias": 1565.284685195956
  },
  "age_AgeThirtyOnePlus": {
    "n": 4343,
    "r2": 0.2847694932423591,
    "rmse": 36222.1824218886,
    "bias": -800.976941260595
  },
  "cost_QOneLow": {
    "n": 1709,
    "r2": -10.0,
    "rmse": 39299.174655218856,
    "bias": 33143.028885258
  },
  "cost_QTwo": {
    "n": 1708,
    "r2": -9.390200684942013,
    "rmse": 24875.31428490743,
    "bias": 17244.323480142764
  },
  "cost_QThree": {
    "n": 1708,
    "r2": -2.157886489668658,
    "rmse": 20740.948741142685,
    "bias": -7761.459334197735
  },
  "cost_QFourHigh": {
    "n": 1709,
    "r2": -1.4902879077525952,
    "rmse": 56534.19134535478,
    "bias": -42208.99582999413
  }
}